Id,Category
0,90
1,97
2,45
3,58
4,71
5,7
6,97
7,21
8,71
9,0
10,87
11,93
12,81
13,69
14,40
15,43
16,92
17,80
18,70
19,53
20,70
21,49
22,75
23,56
24,21
25,16
26,39
27,8
28,84
29,35
30,20
31,61
32,41
33,32
34,56
35,65
36,45
37,35
38,25
39,81
40,63
41,32
42,39
43,30
44,56
45,22
46,58
47,58
48,35
49,12
50,4
51,82
52,9
53,57
54,2
55,2
56,71
57,52
58,42
59,30
60,99
61,27
62,38
63,65
64,48
65,36
66,43
67,24
68,63
69,92
70,66
71,90
72,65
73,91
74,76
75,32
76,82
77,10
78,77
79,61
80,71
81,44
82,54
83,6
84,26
85,89
86,35
87,42
88,25
89,30
90,32
91,18
92,41
93,21
94,13
95,66
96,25
97,7
98,68
99,36
100,79
101,53
102,47
103,39
104,43
105,69
106,76
107,17
108,83
109,59
110,5
111,20
112,27
113,83
114,9
115,71
116,8
117,43
118,57
119,56
120,85
121,25
122,38
123,62
124,33
125,25
126,4
127,7
128,70
129,76
130,86
131,16
132,62
133,11
134,33
135,91
136,60
137,36
138,52
139,23
140,4
141,11
142,52
143,29
144,24
145,95
146,86
147,39
148,91
149,58
150,24
151,61
152,37
153,49
154,45
155,63
156,81
157,20
158,7
159,42
160,36
161,8
162,65
163,10
164,98
165,47
166,54
167,40
168,50
169,83
170,9
171,81
172,27
173,16
174,95
175,98
176,77
177,30
178,7
179,40
180,33
181,14
182,22
183,34
184,28
185,28
186,25
187,95
188,34
189,70
190,90
191,7
192,62
193,13
194,94
195,24
196,90
197,79
198,7
199,87
200,6
201,78
202,68
203,71
204,6
205,23
206,44
207,31
208,36
209,93
210,23
211,98
212,49
213,75
214,97
215,33
216,36
217,30
218,9
219,81
220,16
221,68
222,69
223,28
224,12
225,30
226,0
227,37
228,65
229,71
230,89
231,53
232,59
233,24
234,65
235,70
236,97
237,36
238,82
239,19
240,23
241,24
242,34
243,75
244,66
245,53
246,4
247,58
248,46
249,39
250,91
251,40
252,72
253,31
254,50
255,63
256,50
257,2
258,6
259,42
260,42
261,76
262,89
263,30
264,66
265,73
266,70
267,1
268,6
269,82
270,99
271,51
272,52
273,0
274,42
275,25
276,67
277,35
278,40
279,62
280,78
281,84
282,28
283,89
284,4
285,64
286,6
287,3
288,63
289,92
290,91
291,80
292,3
293,44
294,96
295,12
296,10
297,63
298,51
299,48
300,65
301,69
302,40
303,6
304,2
305,38
306,76
307,4
308,40
309,28
310,46
311,18
312,41
313,51
314,3
315,15
316,55
317,4
318,21
319,8
320,17
321,89
322,2
323,67
324,90
325,2
326,97
327,65
328,87
329,7
330,71
331,36
332,61
333,62
334,44
335,71
336,67
337,91
338,54
339,72
340,9
341,70
342,71
343,82
344,99
345,66
346,46
347,24
348,29
349,88
350,68
351,15
352,37
353,58
354,48
355,40
356,56
357,88
358,35
359,97
360,63
361,39
362,82
363,94
364,63
365,61
366,88
367,54
368,90
369,4
370,90
371,33
372,28
373,95
374,17
375,64
376,7
377,0
378,94
379,35
380,41
381,6
382,41
383,65
384,69
385,45
386,73
387,73
388,85
389,65
390,40
391,0
392,43
393,30
394,4
395,27
396,10
397,60
398,59
399,30
400,40
401,63
402,50
403,71
404,6
405,57
406,95
407,9
408,35
409,48
410,40
411,82
412,71
413,36
414,32
415,97
416,65
417,89
418,53
419,32
420,3
421,90
422,88
423,96
424,71
425,42
426,77
427,26
428,75
429,46
430,77
431,98
432,40
433,66
434,90
435,65
436,19
437,99
438,36
439,10
440,16
441,5
442,81
443,85
444,97
445,58
446,93
447,26
448,50
449,13
450,10
451,32
452,10
453,44
454,35
455,9
456,63
457,93
458,7
459,5
460,2
461,87
462,23
463,72
464,62
465,65
466,6
467,37
468,6
469,0
470,7
471,26
472,6
473,14
474,73
475,79
476,13
477,3
478,4
479,25
480,85
481,75
482,70
483,41
484,0
485,67
486,79
487,87
488,73
489,66
490,4
491,94
492,60
493,3
494,63
495,69
496,77
497,3
498,89
499,69
500,39
501,50
502,90
503,11
504,98
505,41
506,38
507,58
508,47
509,93
510,68
511,98
512,2
513,93
514,92
515,53
516,73
517,36
518,83
519,70
520,64
521,2
522,64
523,46
524,62
525,9
526,95
527,6
528,32
529,77
530,93
531,63
532,8
533,76
534,35
535,4
536,76
537,33
538,99
539,54
540,77
541,50
542,36
543,63
544,32
545,93
546,81
547,80
548,71
549,50
550,33
551,35
552,73
553,15
554,8
555,42
556,26
557,56
558,77
559,47
560,50
561,4
562,20
563,62
564,4
565,37
566,10
567,26
568,45
569,72
570,53
571,68
572,78
573,25
574,45
575,71
576,45
577,38
578,81
579,96
580,4
581,87
582,82
583,22
584,0
585,41
586,54
587,65
588,10
589,98
590,93
591,81
592,91
593,56
594,9
595,24
596,6
597,95
598,62
599,39
600,98
601,72
602,57
603,88
604,36
605,84
606,66
607,42
608,97
609,77
610,10
611,82
612,81
613,24
614,0
615,48
616,35
617,90
618,61
619,58
620,17
621,39
622,76
623,0
624,85
625,98
626,48
627,2
628,93
629,82
630,64
631,50
632,97
633,36
634,83
635,60
636,22
637,55
638,10
639,5
640,89
641,32
642,85
643,95
644,8
645,62
646,93
647,94
648,74
649,81
650,15
651,66
652,89
653,37
654,46
655,25
656,14
657,2
658,77
659,35
660,45
661,1
662,94
663,4
664,87
665,82
666,17
667,64
668,99
669,97
670,30
671,95
672,83
673,77
674,40
675,28
676,77
677,91
678,4
679,68
680,6
681,14
682,1
683,92
684,97
685,45
686,75
687,32
688,37
689,27
690,23
691,36
692,86
693,92
694,14
695,13
696,4
697,25
698,23
699,78
700,77
701,97
702,35
703,10
704,79
705,26
706,19
707,25
708,79
709,69
710,80
711,81
712,97
713,1
714,82
715,0
716,21
717,15
718,59
719,57
720,64
721,76
722,60
723,75
724,35
725,73
726,61
727,75
728,62
729,3
730,61
731,6
732,81
733,58
734,94
735,88
736,40
737,65
738,83
739,53
740,67
741,77
742,42
743,63
744,61
745,41
746,86
747,18
748,35
749,82
750,3
751,9
752,48
753,25
754,4
755,71
756,16
757,46
758,32
759,24
760,41
761,25
762,96
763,71
764,4
765,65
766,84
767,81
768,54
769,49
770,76
771,39
772,95
773,24
774,7
775,64
776,70
777,81
778,81
779,0
780,12
781,4
782,32
783,79
784,86
785,60
786,22
787,93
788,82
789,14
790,48
791,78
792,55
793,53
794,86
795,1
796,81
797,81
798,62
799,63
800,40
801,39
802,11
803,58
804,9
805,78
806,86
807,53
808,37
809,35
810,65
811,15
812,36
813,52
814,4
815,32
816,6
817,36
818,6
819,7
820,35
821,4
822,87
823,22
824,71
825,2
826,92
827,44
828,69
829,23
830,11
831,22
832,3
833,31
834,26
835,97
836,33
837,71
838,43
839,9
840,5
841,47
842,98
843,19
844,52
845,74
846,32
847,0
848,53
849,21
850,98
851,6
852,4
853,71
854,64
855,0
856,95
857,9
858,24
859,93
860,64
861,33
862,16
863,32
864,9
865,61
866,40
867,68
868,24
869,36
870,11
871,29
872,21
873,53
874,13
875,42
876,41
877,77
878,70
879,28
880,20
881,29
882,18
883,34
884,1
885,26
886,65
887,2
888,81
889,69
890,36
891,18
892,81
893,66
894,47
895,81
896,86
897,55
898,90
899,74
900,15
901,96
902,89
903,86
904,33
905,99
906,87
907,28
908,99
909,51
910,72
911,39
912,8
913,56
914,52
915,64
916,98
917,44
918,24
919,21
920,50
921,89
922,37
923,48
924,59
925,56
926,65
927,96
928,9
929,4
930,57
931,71
932,9
933,60
934,16
935,23
936,3
937,15
938,92
939,98
940,23
941,54
942,62
943,65
944,71
945,42
946,90
947,66
948,16
949,47
950,96
951,23
952,42
953,11
954,91
955,2
956,71
957,81
958,30
959,34
960,80
961,47
962,82
963,26
964,26
965,64
966,76
967,52
968,53
969,43
970,60
971,74
972,28
973,6
974,64
975,69
976,76
977,90
978,70
979,45
980,34
981,43
982,43
983,99
984,81
985,63
986,36
987,35
988,84
989,98
990,23
991,33
992,90
993,37
994,11
995,8
996,36
997,9
998,53
999,64
1000,63
1001,23
1002,94
1003,40
1004,55
1005,90
1006,39
1007,44
1008,30
1009,92
1010,25
1011,44
1012,36
1013,29
1014,0
1015,9
1016,90
1017,1
1018,50
1019,90
1020,63
1021,52
1022,43
1023,89
1024,71
1025,81
1026,97
1027,0
1028,3
1029,41
1030,21
1031,86
1032,51
1033,64
1034,81
1035,38
1036,89
1037,67
1038,95
1039,30
1040,32
1041,61
1042,53
1043,8
1044,6
1045,9
1046,79
1047,10
1048,93
1049,62
1050,98
1051,12
1052,26
1053,4
1054,20
1055,3
1056,81
1057,26
1058,52
1059,24
1060,19
1061,3
1062,57
1063,60
1064,60
1065,36
1066,39
1067,4
1068,30
1069,15
1070,41
1071,55
1072,14
1073,20
1074,49
1075,28
1076,20
1077,33
1078,7
1079,89
1080,7
1081,48
1082,57
1083,90
1084,88
1085,34
1086,23
1087,93
1088,96
1089,52
1090,35
1091,29
1092,40
1093,93
1094,59
1095,70
1096,48
1097,92
1098,40
1099,90
1100,55
1101,38
1102,74
1103,63
1104,76
1105,4
1106,54
1107,71
1108,33
1109,49
1110,1
1111,21
1112,44
1113,40
1114,98
1115,6
1116,25
1117,26
1118,40
1119,4
1120,3
1121,8
1122,82
1123,66
1124,15
1125,10
1126,35
1127,61
1128,81
1129,69
1130,9
1131,30
1132,47
1133,34
1134,69
1135,9
1136,0
1137,70
1138,62
1139,26
1140,65
1141,65
1142,20
1143,13
1144,52
1145,84
1146,99
1147,62
1148,37
1149,4
1150,36
1151,19
1152,35
1153,49
1154,64
1155,58
1156,7
1157,92
1158,47
1159,61
1160,90
1161,33
1162,6
1163,23
1164,99
1165,14
1166,95
1167,24
1168,46
1169,98
1170,31
1171,53
1172,16
1173,25
1174,52
1175,50
1176,3
1177,79
1178,60
1179,8
1180,95
1181,33
1182,88
1183,63
1184,6
1185,30
1186,63
1187,85
1188,37
1189,65
1190,66
1191,86
1192,97
1193,70
1194,12
1195,93
1196,6
1197,72
1198,47
1199,3
1200,4
1201,77
1202,3
1203,2
1204,54
1205,69
1206,25
1207,52
1208,41
1209,44
1210,41
1211,74
1212,13
1213,60
1214,26
1215,26
1216,19
1217,31
1218,48
1219,25
1220,37
1221,28
1222,4
1223,71
1224,88
1225,92
1226,31
1227,34
1228,36
1229,30
1230,3
1231,82
1232,88
1233,7
1234,97
1235,39
1236,54
1237,60
1238,35
1239,75
1240,7
1241,90
1242,87
1243,40
1244,24
1245,6
1246,28
1247,76
1248,34
1249,28
1250,98
1251,96
1252,32
1253,98
1254,45
1255,54
1256,86
1257,4
1258,54
1259,46
1260,81
1261,89
1262,63
1263,97
1264,39
1265,53
1266,50
1267,4
1268,56
1269,84
1270,11
1271,89
1272,20
1273,51
1274,5
1275,56
1276,81
1277,70
1278,92
1279,93
1280,85
1281,98
1282,11
1283,32
1284,81
1285,93
1286,41
1287,4
1288,99
1289,41
1290,7
1291,71
1292,59
1293,59
1294,35
1295,10
1296,12
1297,64
1298,90
1299,25
1300,97
1301,36
1302,3
1303,6
1304,0
1305,59
1306,81
1307,37
1308,0
1309,77
1310,22
1311,9
1312,33
1313,38
1314,22
1315,11
1316,6
1317,70
1318,9
1319,9
1320,34
1321,48
1322,71
1323,94
1324,42
1325,7
1326,91
1327,58
1328,3
1329,37
1330,54
1331,25
1332,63
1333,25
1334,43
1335,47
1336,4
1337,63
1338,45
1339,28
1340,91
1341,20
1342,88
1343,65
1344,84
1345,42
1346,59
1347,26
1348,35
1349,44
1350,6
1351,36
1352,42
1353,72
1354,23
1355,68
1356,25
1357,52
1358,17
1359,65
1360,47
1361,12
1362,94
1363,84
1364,76
1365,91
1366,72
1367,35
1368,18
1369,52
1370,6
1371,98
1372,41
1373,0
1374,43
1375,74
1376,43
1377,59
1378,73
1379,4
1380,53
1381,71
1382,8
1383,11
1384,59
1385,29
1386,44
1387,79
1388,65
1389,25
1390,55
1391,41
1392,81
1393,23
1394,68
1395,47
1396,81
1397,43
1398,8
1399,11
1400,44
1401,0
1402,87
1403,34
1404,48
1405,80
1406,25
1407,65
1408,90
1409,88
1410,10
1411,4
1412,65
1413,91
1414,95
1415,94
1416,14
1417,52
1418,76
1419,57
1420,87
1421,68
1422,28
1423,22
1424,96
1425,43
1426,57
1427,13
1428,22
1429,57
1430,29
1431,63
1432,6
1433,97
1434,20
1435,86
1436,91
1437,23
1438,9
1439,43
1440,19
1441,57
1442,7
1443,73
1444,35
1445,58
1446,44
1447,24
1448,86
1449,84
1450,21
1451,56
1452,34
1453,42
1454,57
1455,72
1456,62
1457,53
1458,17
1459,28
1460,28
1461,98
1462,50
1463,2
1464,13
1465,49
1466,95
1467,64
1468,46
1469,8
1470,94
1471,25
1472,7
1473,35
1474,90
1475,86
1476,72
1477,76
1478,13
1479,11
1480,7
1481,63
1482,77
1483,10
1484,92
1485,53
1486,28
1487,9
1488,87
1489,13
1490,93
1491,83
1492,10
1493,35
1494,0
1495,39
1496,80
1497,33
1498,36
1499,30
1500,74
1501,59
1502,64
1503,43
1504,92
1505,14
1506,26
1507,39
1508,94
1509,6
1510,33
1511,36
1512,7
1513,35
1514,9
1515,38
1516,37
1517,90
1518,81
1519,98
1520,43
1521,98
1522,9
1523,75
1524,3
1525,20
1526,54
1527,82
1528,86
1529,13
1530,4
1531,36
1532,45
1533,21
1534,69
1535,47
1536,62
1537,10
1538,84
1539,71
1540,9
1541,98
1542,26
1543,38
1544,59
1545,90
1546,67
1547,79
1548,25
1549,89
1550,3
1551,30
1552,37
1553,30
1554,95
1555,74
1556,33
1557,40
1558,56
1559,86
1560,54
1561,98
1562,9
1563,17
1564,3
1565,52
1566,96
1567,36
1568,90
1569,70
1570,42
1571,44
1572,18
1573,65
1574,6
1575,59
1576,73
1577,95
1578,57
1579,5
1580,23
1581,35
1582,52
1583,99
1584,36
1585,55
1586,83
1587,44
1588,93
1589,83
1590,3
1591,85
1592,86
1593,33
1594,84
1595,63
1596,47
1597,46
1598,53
1599,39
1600,60
1601,38
1602,18
1603,25
1604,38
1605,30
1606,23
1607,50
1608,70
1609,11
1610,20
1611,80
1612,24
1613,17
1614,49
1615,55
1616,8
1617,37
1618,32
1619,21
1620,42
1621,21
1622,98
1623,79
1624,4
1625,61
1626,63
1627,41
1628,16
1629,40
1630,70
1631,70
1632,65
1633,30
1634,55
1635,81
1636,96
1637,92
1638,71
1639,17
1640,59
1641,94
1642,71
1643,7
1644,79
1645,88
1646,26
1647,33
1648,62
1649,39
1650,53
1651,80
1652,20
1653,47
1654,45
1655,45
1656,13
1657,25
1658,10
1659,56
1660,68
1661,44
1662,81
1663,92
1664,21
1665,98
1666,76
1667,67
1668,84
1669,35
1670,75
1671,48
1672,4
1673,11
1674,20
1675,8
1676,32
1677,53
1678,63
1679,7
1680,10
1681,59
1682,98
1683,52
1684,81
1685,69
1686,56
1687,4
1688,44
1689,45
1690,61
1691,81
1692,60
1693,86
1694,19
1695,33
1696,10
1697,4
1698,34
1699,24
1700,56
1701,22
1702,53
1703,42
1704,44
1705,93
1706,53
1707,3
1708,6
1709,68
1710,48
1711,24
1712,53
1713,82
1714,10
1715,21
1716,30
1717,50
1718,52
1719,57
1720,16
1721,81
1722,30
1723,65
1724,52
1725,4
1726,62
1727,72
1728,44
1729,50
1730,35
1731,50
1732,21
1733,88
1734,25
1735,76
1736,87
1737,59
1738,0
1739,44
1740,25
1741,90
1742,54
1743,53
1744,30
1745,76
1746,3
1747,35
1748,71
1749,33
1750,95
1751,99
1752,64
1753,15
1754,66
1755,54
1756,90
1757,86
1758,46
1759,1
1760,62
1761,28
1762,28
1763,47
1764,70
1765,53
1766,40
1767,14
1768,67
1769,93
1770,12
1771,42
1772,27
1773,29
1774,47
1775,35
1776,10
1777,56
1778,35
1779,43
1780,1
1781,82
1782,33
1783,34
1784,86
1785,52
1786,86
1787,4
1788,79
1789,20
1790,19
1791,36
1792,5
1793,91
1794,43
1795,44
1796,64
1797,90
1798,82
1799,34
1800,35
1801,65
1802,91
1803,59
1804,6
1805,79
1806,32
1807,98
1808,86
1809,10
1810,1
1811,75
1812,48
1813,5
1814,81
1815,77
1816,99
1817,19
1818,82
1819,76
1820,64
1821,24
1822,39
1823,77
1824,70
1825,12
1826,87
1827,0
1828,95
1829,8
1830,52
1831,97
1832,49
1833,2
1834,3
1835,17
1836,65
1837,94
1838,34
1839,16
1840,49
1841,3
1842,99
1843,64
1844,67
1845,28
1846,16
1847,92
1848,35
1849,38
1850,25
1851,36
1852,95
1853,21
1854,62
1855,52
1856,56
1857,28
1858,17
1859,53
1860,71
1861,24
1862,36
1863,53
1864,89
1865,79
1866,28
1867,7
1868,97
1869,33
1870,53
1871,87
1872,35
1873,15
1874,40
1875,66
1876,96
1877,6
1878,53
1879,71
1880,44
1881,89
1882,35
1883,19
1884,45
1885,95
1886,81
1887,65
1888,28
1889,71
1890,23
1891,52
1892,24
1893,3
1894,91
1895,99
1896,29
1897,21
1898,59
1899,9
1900,81
1901,29
1902,89
1903,61
1904,81
1905,82
1906,49
1907,81
1908,26
1909,94
1910,40
1911,60
1912,65
1913,81
1914,3
1915,88
1916,90
1917,18
1918,36
1919,65
1920,74
1921,78
1922,59
1923,65
1924,34
1925,0
1926,43
1927,45
1928,47
1929,95
1930,76
1931,69
1932,9
1933,61
1934,91
1935,69
1936,79
1937,97
1938,29
1939,27
1940,32
1941,11
1942,65
1943,36
1944,86
1945,26
1946,14
1947,20
1948,36
1949,50
1950,76
1951,65
1952,63
1953,6
1954,30
1955,99
1956,40
1957,21
1958,65
1959,83
1960,93
1961,31
1962,49
1963,39
1964,97
1965,66
1966,53
1967,54
1968,41
1969,36
1970,61
1971,88
1972,35
1973,90
1974,95
1975,41
1976,48
1977,35
1978,11
1979,43
1980,59
1981,76
1982,22
1983,50
1984,78
1985,73
1986,67
1987,66
1988,30
1989,2
1990,34
1991,43
1992,28
1993,45
1994,42
1995,8
1996,88
1997,10
1998,12
1999,8
2000,99
2001,41
2002,51
2003,64
2004,17
2005,14
2006,99
2007,11
2008,95
2009,6
2010,63
2011,9
2012,62
2013,96
2014,26
2015,1
2016,98
2017,53
2018,92
2019,58
2020,46
2021,3
2022,35
2023,39
2024,71
2025,81
2026,94
2027,3
2028,35
2029,89
2030,95
2031,85
2032,52
2033,48
2034,83
2035,65
2036,97
2037,33
2038,20
2039,43
2040,12
2041,21
2042,44
2043,25
2044,5
2045,4
2046,63
2047,78
2048,88
2049,40
2050,55
2051,66
2052,67
2053,49
2054,95
2055,39
2056,6
2057,9
2058,53
2059,36
2060,12
2061,57
2062,5
2063,56
2064,97
2065,96
2066,48
2067,79
2068,5
2069,0
2070,10
2071,6
2072,48
2073,54
2074,86
2075,65
2076,10
2077,0
2078,89
2079,21
2080,29
2081,20
2082,48
2083,99
2084,63
2085,95
2086,20
2087,59
2088,11
2089,0
2090,63
2091,71
2092,31
2093,79
2094,40
2095,22
2096,87
2097,91
2098,81
2099,40
2100,58
2101,89
2102,97
2103,9
2104,72
2105,71
2106,16
2107,3
2108,20
2109,81
2110,77
2111,49
2112,93
2113,91
2114,56
2115,54
2116,3
2117,69
2118,28
2119,21
2120,41
2121,81
2122,90
2123,89
2124,86
2125,7
2126,41
2127,98
2128,27
2129,2
2130,21
2131,34
2132,36
2133,37
2134,94
2135,71
2136,66
2137,62
2138,95
2139,96
2140,38
2141,95
2142,48
2143,24
2144,89
2145,29
2146,81
2147,70
2148,26
2149,30
2150,47
2151,88
2152,10
2153,68
2154,81
2155,99
2156,28
2157,15
2158,38
2159,52
2160,43
2161,20
2162,35
2163,24
2164,76
2165,49
2166,32
2167,97
2168,10
2169,7
2170,12
2171,89
2172,70
2173,95
2174,26
2175,99
2176,10
2177,41
2178,12
2179,2
2180,4
2181,39
2182,19
2183,56
2184,65
2185,82
2186,65
2187,35
2188,4
2189,61
2190,6
2191,56
2192,6
2193,87
2194,6
2195,87
2196,49
2197,91
2198,25
2199,6
2200,51
2201,7
2202,99
2203,32
2204,25
2205,97
2206,95
2207,76
2208,72
2209,28
2210,1
2211,42
2212,61
2213,22
2214,90
2215,99
2216,24
2217,25
2218,73
2219,97
2220,34
2221,4
2222,26
2223,99
2224,99
2225,67
2226,69
2227,91
2228,32
2229,6
2230,31
2231,6
2232,51
2233,59
2234,53
2235,60
2236,71
2237,26
2238,83
2239,57
2240,41
2241,90
2242,48
2243,46
2244,67
2245,86
2246,9
2247,71
2248,79
2249,43
2250,37
2251,81
2252,17
2253,82
2254,84
2255,82
2256,28
2257,22
2258,2
2259,26
2260,56
2261,50
2262,86
2263,61
2264,3
2265,35
2266,34
2267,29
2268,75
2269,98
2270,47
2271,0
2272,14
2273,69
2274,71
2275,19
2276,63
2277,69
2278,21
2279,36
2280,4
2281,38
2282,64
2283,47
2284,81
2285,87
2286,60
2287,21
2288,47
2289,12
2290,28
2291,19
2292,40
2293,62
2294,22
2295,0
2296,15
2297,81
2298,46
2299,33
2300,28
2301,35
2302,10
2303,45
2304,49
2305,11
2306,32
2307,65
2308,93
2309,3
2310,19
2311,23
2312,27
2313,54
2314,9
2315,19
2316,2
2317,26
2318,5
2319,35
2320,12
2321,58
2322,67
2323,76
2324,95
2325,67
2326,95
2327,76
2328,54
2329,26
2330,5
2331,34
2332,92
2333,44
2334,45
2335,60
2336,34
2337,32
2338,1
2339,72
2340,97
2341,43
2342,35
2343,62
2344,66
2345,50
2346,95
2347,66
2348,5
2349,45
2350,76
2351,71
2352,32
2353,30
2354,69
2355,59
2356,34
2357,4
2358,11
2359,66
2360,31
2361,93
2362,87
2363,90
2364,76
2365,36
2366,38
2367,24
2368,44
2369,90
2370,63
2371,6
2372,37
2373,76
2374,43
2375,0
2376,81
2377,1
2378,20
2379,37
2380,41
2381,36
2382,5
2383,47
2384,34
2385,5
2386,20
2387,61
2388,98
2389,20
2390,4
2391,98
2392,90
2393,95
2394,61
2395,43
2396,58
2397,36
2398,99
2399,60
2400,70
2401,70
2402,59
2403,93
2404,59
2405,8
2406,62
2407,23
2408,52
2409,32
2410,92
2411,33
2412,61
2413,96
2414,0
2415,24
2416,50
2417,3
2418,37
2419,86
2420,7
2421,58
2422,81
2423,30
2424,44
2425,70
2426,83
2427,2
2428,46
2429,33
2430,53
2431,81
2432,94
2433,15
2434,85
2435,34
2436,1
2437,23
2438,74
2439,71
2440,99
2441,11
2442,67
2443,9
2444,23
2445,24
2446,82
2447,28
2448,73
2449,66
2450,93
2451,11
2452,35
2453,94
2454,88
2455,76
2456,6
2457,35
2458,95
2459,54
2460,41
2461,6
2462,98
2463,22
2464,3
2465,32
2466,51
2467,53
2468,72
2469,33
2470,20
2471,63
2472,95
2473,4
2474,23
2475,24
2476,75
2477,6
2478,96
2479,70
2480,4
2481,32
2482,73
2483,25
2484,81
2485,33
2486,65
2487,11
2488,0
2489,75
2490,88
2491,23
2492,86
2493,12
2494,86
2495,17
2496,38
2497,98
2498,22
2499,48
2500,71
2501,76
2502,74
2503,81
2504,60
2505,69
2506,59
2507,32
2508,29
2509,32
2510,9
2511,35
2512,0
2513,4
2514,54
2515,91
2516,62
2517,13
2518,34
2519,46
2520,37
2521,4
2522,73
2523,53
2524,81
2525,79
2526,10
2527,26
2528,64
2529,25
2530,62
2531,96
2532,93
2533,86
2534,44
2535,84
2536,93
2537,79
2538,23
2539,76
2540,89
2541,89
2542,1
2543,64
2544,4
2545,82
2546,66
2547,83
2548,55
2549,71
2550,16
2551,71
2552,25
2553,43
2554,19
2555,72
2556,81
2557,94
2558,20
2559,83
2560,62
2561,26
2562,25
2563,86
2564,93
2565,16
2566,85
2567,38
2568,97
2569,32
2570,59
2571,18
2572,14
2573,3
2574,67
2575,23
2576,20
2577,84
2578,18
2579,51
2580,65
2581,11
2582,10
2583,2
2584,90
2585,77
2586,22
2587,25
2588,60
2589,28
2590,44
2591,81
2592,73
2593,99
2594,52
2595,30
2596,99
2597,25
2598,31
2599,44
2600,9
2601,44
2602,85
2603,13
2604,57
2605,45
2606,94
2607,36
2608,11
2609,81
2610,73
2611,93
2612,96
2613,69
2614,65
2615,6
2616,75
2617,3
2618,97
2619,3
2620,40
2621,71
2622,29
2623,32
2624,15
2625,99
2626,67
2627,39
2628,52
2629,52
2630,45
2631,33
2632,0
2633,36
2634,64
2635,66
2636,81
2637,37
2638,46
2639,85
2640,97
2641,50
2642,8
2643,54
2644,95
2645,70
2646,4
2647,6
2648,0
2649,41
2650,7
2651,86
2652,65
2653,91
2654,59
2655,95
2656,10
2657,21
2658,63
2659,4
2660,71
2661,20
2662,89
2663,14
2664,28
2665,90
2666,36
2667,62
2668,84
2669,75
2670,86
2671,4
2672,52
2673,4
2674,26
2675,6
2676,57
2677,44
2678,91
2679,83
2680,85
2681,16
2682,50
2683,26
2684,20
2685,46
2686,16
2687,45
2688,91
2689,88
2690,85
2691,28
2692,27
2693,83
2694,54
2695,69
2696,71
2697,6
2698,58
2699,56
2700,76
2701,37
2702,98
2703,4
2704,34
2705,3
2706,75
2707,90
2708,26
2709,60
2710,49
2711,50
2712,25
2713,25
2714,99
2715,94
2716,87
2717,25
2718,35
2719,58
2720,4
2721,74
2722,47
2723,44
2724,90
2725,72
2726,90
2727,7
2728,15
2729,39
2730,9
2731,23
2732,95
2733,38
2734,47
2735,60
2736,86
2737,36
2738,95
2739,36
2740,82
2741,43
2742,27
2743,36
2744,81
2745,77
2746,98
2747,45
2748,96
2749,68
2750,99
2751,62
2752,53
2753,56
2754,65
2755,8
2756,34
2757,98
2758,21
2759,15
2760,88
2761,74
2762,94
2763,26
2764,63
2765,71
2766,6
2767,89
2768,38
2769,44
2770,59
2771,54
2772,9
2773,32
2774,6
2775,16
2776,77
2777,2
2778,88
2779,49
2780,46
2781,29
2782,62
2783,7
2784,6
2785,61
2786,5
2787,86
2788,35
2789,87
2790,20
2791,97
2792,69
2793,21
2794,95
2795,68
2796,88
2797,10
2798,1
2799,4
2800,96
2801,59
2802,20
2803,45
2804,54
2805,88
2806,57
2807,10
2808,39
2809,80
2810,60
2811,82
2812,61
2813,68
2814,7
2815,62
2816,5
2817,87
2818,67
2819,5
2820,34
2821,36
2822,9
2823,63
2824,7
2825,93
2826,79
2827,59
2828,72
2829,91
2830,32
2831,82
2832,13
2833,35
2834,15
2835,66
2836,61
2837,39
2838,18
2839,79
2840,21
2841,4
2842,97
2843,9
2844,44
2845,43
2846,35
2847,44
2848,46
2849,4
2850,17
2851,60
2852,44
2853,79
2854,53
2855,81
2856,82
2857,44
2858,62
2859,24
2860,99
2861,6
2862,4
2863,98
2864,21
2865,0
2866,16
2867,84
2868,46
2869,9
2870,40
2871,89
2872,74
2873,31
2874,2
2875,68
2876,47
2877,52
2878,98
2879,65
2880,70
2881,23
2882,11
2883,62
2884,44
2885,22
2886,96
2887,44
2888,3
2889,60
2890,53
2891,90
2892,68
2893,47
2894,53
2895,34
2896,62
2897,4
2898,90
2899,2
2900,21
2901,4
2902,1
2903,53
2904,6
2905,6
2906,14
2907,91
2908,23
2909,8
2910,36
2911,90
2912,27
2913,71
2914,97
2915,86
2916,61
2917,25
2918,7
2919,21
2920,4
2921,99
2922,81
2923,93
2924,25
2925,98
2926,70
2927,95
2928,25
2929,31
2930,3
2931,47
2932,30
2933,97
2934,11
2935,35
2936,22
2937,63
2938,25
2939,14
2940,74
2941,33
2942,34
2943,24
2944,20
2945,22
2946,4
2947,72
2948,15
2949,50
2950,23
2951,41
2952,11
2953,92
2954,76
2955,6
2956,89
2957,40
2958,95
2959,80
2960,0
2961,75
2962,7
2963,54
2964,36
2965,20
2966,7
2967,97
2968,24
2969,23
2970,32
2971,98
2972,82
2973,87
2974,31
2975,14
2976,4
2977,96
2978,39
2979,77
2980,64
2981,61
2982,30
2983,46
2984,66
2985,29
2986,42
2987,86
2988,0
2989,26
2990,55
2991,23
2992,89
2993,57
2994,16
2995,71
2996,35
2997,71
2998,6
2999,71
3000,4
3001,26
3002,40
3003,98
3004,99
3005,0
3006,98
3007,23
3008,7
3009,45
3010,93
3011,35
3012,50
3013,33
3014,11
3015,9
3016,65
3017,90
3018,75
3019,38
3020,97
3021,71
3022,98
3023,45
3024,44
3025,21
3026,13
3027,10
3028,0
3029,91
3030,79
3031,23
3032,33
3033,21
3034,60
3035,8
3036,88
3037,92
3038,6
3039,4
3040,87
3041,55
3042,86
3043,4
3044,98
3045,3
3046,12
3047,44
3048,7
3049,4
3050,74
3051,80
3052,92
3053,94
3054,82
3055,41
3056,53
3057,14
3058,55
3059,22
3060,76
3061,6
3062,35
3063,95
3064,43
3065,67
3066,0
3067,95
3068,2
3069,10
3070,54
3071,23
3072,25
3073,59
3074,97
3075,75
3076,81
3077,9
3078,22
3079,56
3080,87
3081,40
3082,69
3083,86
3084,37
3085,61
3086,3
3087,61
3088,76
3089,13
3090,14
3091,16
3092,26
3093,54
3094,6
3095,2
3096,17
3097,33
3098,39
3099,72
3100,58
3101,99
3102,26
3103,7
3104,42
3105,24
3106,90
3107,6
3108,37
3109,16
3110,60
3111,48
3112,44
3113,4
3114,19
3115,82
3116,2
3117,33
3118,3
3119,9
3120,23
3121,3
3122,9
3123,57
3124,28
3125,43
3126,35
3127,93
3128,14
3129,88
3130,27
3131,4
3132,45
3133,50
3134,1
3135,43
3136,1
3137,71
3138,94
3139,39
3140,35
3141,57
3142,73
3143,4
3144,99
3145,58
3146,76
3147,95
3148,98
3149,94
3150,84
3151,39
3152,71
3153,15
3154,59
3155,4
3156,93
3157,25
3158,30
3159,71
3160,98
3161,4
3162,36
3163,76
3164,47
3165,37
3166,98
3167,76
3168,29
3169,21
3170,63
3171,2
3172,77
3173,49
3174,70
3175,17
3176,64
3177,6
3178,36
3179,6
3180,26
3181,41
3182,79
3183,32
3184,6
3185,65
3186,20
3187,98
3188,26
3189,76
3190,1
3191,4
3192,36
3193,85
3194,90
3195,59
3196,24
3197,16
3198,55
3199,9
3200,42
3201,85
3202,33
3203,20
3204,71
3205,9
3206,92
3207,24
3208,65
3209,88
3210,61
3211,62
3212,26
3213,73
3214,45
3215,25
3216,9
3217,92
3218,52
3219,97
3220,33
3221,99
3222,21
3223,90
3224,98
3225,9
3226,25
3227,50
3228,78
3229,98
3230,20
3231,4
3232,9
3233,6
3234,44
3235,53
3236,58
3237,89
3238,25
3239,49
3240,48
3241,98
3242,37
3243,49
3244,60
3245,36
3246,81
3247,39
3248,72
3249,85
3250,83
3251,90
3252,79
3253,61
3254,4
3255,32
3256,48
3257,36
3258,64
3259,66
3260,11
3261,6
3262,38
3263,87
3264,36
3265,32
3266,59
3267,76
3268,55
3269,79
3270,98
3271,86
3272,95
3273,35
3274,44
3275,99
3276,81
3277,99
3278,27
3279,95
3280,16
3281,11
3282,61
3283,44
3284,58
3285,71
3286,0
3287,91
3288,90
3289,71
3290,76
3291,42
3292,57
3293,20
3294,64
3295,72
3296,81
3297,91
3298,39
3299,62
3300,73
3301,52
3302,69
3303,56
3304,28
3305,10
3306,6
3307,62
3308,62
3309,3
3310,30
3311,82
3312,22
3313,35
3314,79
3315,11
3316,9
3317,95
3318,79
3319,15
3320,87
3321,37
3322,2
3323,60
3324,33
3325,74
3326,6
3327,9
3328,14
3329,44
3330,81
3331,86
3332,40
3333,26
3334,16
3335,99
3336,38
3337,62
3338,42
3339,68
3340,7
3341,7
3342,72
3343,6
3344,83
3345,4
3346,42
3347,39
3348,78
3349,84
3350,86
3351,74
3352,1
3353,1
3354,14
3355,53
3356,7
3357,71
3358,53
3359,90
3360,53
3361,62
3362,19
3363,76
3364,84
3365,43
3366,32
3367,54
3368,3
3369,45
3370,32
3371,92
3372,44
3373,99
3374,90
3375,16
3376,48
3377,89
3378,94
3379,4
3380,65
3381,4
3382,44
3383,33
3384,6
3385,86
3386,82
3387,80
3388,71
3389,43
3390,78
3391,26
3392,71
3393,98
3394,25
3395,39
3396,91
3397,21
3398,81
3399,99
3400,11
3401,13
3402,82
3403,6
3404,3
3405,88
3406,62
3407,8
3408,23
3409,20
3410,12
3411,3
3412,6
3413,0
3414,23
3415,16
3416,96
3417,43
3418,26
3419,69
3420,24
3421,62
3422,37
3423,19
3424,96
3425,98
3426,33
3427,87
3428,64
3429,83
3430,2
3431,28
3432,7
3433,6
3434,79
3435,57
3436,60
3437,9
3438,65
3439,71
3440,56
3441,59
3442,21
3443,72
3444,9
3445,41
3446,24
3447,75
3448,5
3449,32
3450,12
3451,57
3452,86
3453,76
3454,50
3455,60
3456,66
3457,23
3458,76
3459,29
3460,0
3461,75
3462,32
3463,25
3464,52
3465,56
3466,69
3467,8
3468,46
3469,95
3470,44
3471,71
3472,9
3473,65
3474,18
3475,66
3476,90
3477,8
3478,13
3479,99
3480,3
3481,65
3482,96
3483,32
3484,8
3485,63
3486,14
3487,34
3488,95
3489,95
3490,18
3491,44
3492,53
3493,4
3494,23
3495,73
3496,19
3497,53
3498,78
3499,1
3500,12
3501,38
3502,51
3503,29
3504,50
3505,44
3506,57
3507,10
3508,8
3509,34
3510,0
3511,6
3512,40
3513,81
3514,65
3515,3
3516,83
3517,76
3518,0
3519,11
3520,11
3521,62
3522,33
3523,89
3524,40
3525,48
3526,4
3527,86
3528,21
3529,24
3530,95
3531,53
3532,89
3533,35
3534,63
3535,11
3536,32
3537,58
3538,36
3539,56
3540,40
3541,71
3542,7
3543,35
3544,28
3545,35
3546,90
3547,43
3548,9
3549,79
3550,63
3551,59
3552,27
3553,37
3554,53
3555,23
3556,52
3557,40
3558,48
3559,82
3560,40
3561,20
3562,7
3563,99
3564,25
3565,66
3566,41
3567,3
3568,20
3569,35
3570,76
3571,18
3572,23
3573,10
3574,79
3575,87
3576,41
3577,35
3578,4
3579,99
3580,49
3581,53
3582,47
3583,12
3584,36
3585,65
3586,39
3587,95
3588,18
3589,61
3590,20
3591,8
3592,53
3593,69
3594,10
3595,23
3596,29
3597,43
3598,34
3599,11
3600,59
3601,62
3602,26
3603,10
3604,95
3605,34
3606,48
3607,34
3608,34
3609,94
3610,78
3611,67
3612,71
3613,65
3614,7
3615,11
3616,9
3617,30
3618,95
3619,18
3620,44
3621,80
3622,94
3623,40
3624,47
3625,92
3626,34
3627,9
3628,3
3629,25
3630,58
3631,79
3632,54
3633,67
3634,98
3635,52
3636,25
3637,52
3638,24
3639,55
3640,12
3641,86
3642,11
3643,2
3644,34
3645,52
3646,40
3647,90
3648,29
3649,95
3650,94
3651,92
3652,4
3653,3
3654,28
3655,13
3656,74
3657,82
3658,19
3659,99
3660,66
3661,95
3662,26
3663,34
3664,67
3665,6
3666,32
3667,92
3668,4
3669,85
3670,87
3671,41
3672,71
3673,14
3674,75
3675,90
3676,7
3677,76
3678,23
3679,9
3680,45
3681,98
3682,8
3683,22
3684,44
3685,63
3686,26
3687,36
3688,10
3689,46
3690,2
3691,92
3692,35
3693,39
3694,64
3695,86
3696,81
3697,62
3698,2
3699,38
3700,53
3701,81
3702,94
3703,9
3704,61
3705,94
3706,71
3707,32
3708,91
3709,27
3710,49
3711,23
3712,0
3713,93
3714,80
3715,48
3716,58
3717,72
3718,27
3719,12
3720,98
3721,37
3722,14
3723,70
3724,63
3725,0
3726,95
3727,90
3728,61
3729,80
3730,16
3731,97
3732,89
3733,4
3734,51
3735,59
3736,42
3737,71
3738,95
3739,29
3740,81
3741,95
3742,51
3743,69
3744,28
3745,59
3746,33
3747,97
3748,7
3749,64
3750,80
3751,0
3752,0
3753,5
3754,6
3755,81
3756,90
3757,85
3758,56
3759,51
3760,79
3761,12
3762,91
3763,85
3764,56
3765,11
3766,11
3767,72
3768,77
3769,81
3770,82
3771,99
3772,66
3773,56
3774,49
3775,83
3776,70
3777,63
3778,65
3779,99
3780,20
3781,26
3782,24
3783,86
3784,4
3785,55
3786,93
3787,94
3788,4
3789,6
3790,25
3791,47
3792,89
3793,87
3794,40
3795,81
3796,49
3797,76
3798,97
3799,8
3800,76
3801,83
3802,59
3803,4
3804,91
3805,63
3806,94
3807,4
3808,59
3809,21
3810,17
3811,47
3812,56
3813,60
3814,78
3815,25
3816,28
3817,40
3818,96
3819,4
3820,98
3821,85
3822,12
3823,46
3824,4
3825,41
3826,11
3827,97
3828,83
3829,26
3830,56
3831,15
3832,47
3833,68
3834,32
3835,87
3836,10
3837,69
3838,39
3839,86
3840,90
3841,36
3842,59
3843,95
3844,28
3845,72
3846,90
3847,62
3848,76
3849,97
3850,9
3851,69
3852,4
3853,94
3854,38
3855,39
3856,87
3857,48
3858,6
3859,6
3860,73
3861,4
3862,27
3863,65
3864,41
3865,47
3866,99
3867,86
3868,13
3869,35
3870,57
3871,93
3872,39
3873,8
3874,44
3875,64
3876,25
3877,97
3878,90
3879,50
3880,63
3881,44
3882,44
3883,78
3884,36
3885,43
3886,99
3887,81
3888,65
3889,3
3890,73
3891,84
3892,50
3893,81
3894,13
3895,87
3896,7
3897,81
3898,7
3899,4
3900,89
3901,86
3902,67
3903,54
3904,44
3905,60
3906,9
3907,92
3908,4
3909,68
3910,10
3911,71
3912,20
3913,90
3914,7
3915,58
3916,4
3917,59
3918,92
3919,45
3920,37
3921,50
3922,97
3923,4
3924,94
3925,5
3926,59
3927,22
3928,23
3929,32
3930,89
3931,17
3932,1
3933,81
3934,29
3935,8
3936,45
3937,28
3938,23
3939,19
3940,86
3941,87
3942,82
3943,26
3944,33
3945,33
3946,10
3947,13
3948,87
3949,76
3950,76
3951,97
3952,6
3953,92
3954,17
3955,78
3956,79
3957,75
3958,83
3959,6
3960,59
3961,27
3962,88
3963,4
3964,71
3965,96
3966,6
3967,40
3968,26
3969,47
3970,37
3971,41
3972,64
3973,67
3974,14
3975,82
3976,14
3977,47
3978,93
3979,98
3980,11
3981,6
3982,3
3983,4
3984,10
3985,36
3986,7
3987,24
3988,38
3989,75
3990,86
3991,29
3992,60
3993,79
3994,63
3995,82
3996,50
3997,15
3998,21
3999,52
4000,71
4001,1
4002,88
4003,4
4004,11
4005,57
4006,2
4007,96
4008,7
4009,92
4010,20
4011,63
4012,41
4013,98
4014,87
4015,32
4016,3
4017,95
4018,16
4019,89
4020,32
4021,93
4022,51
4023,6
4024,5
4025,49
4026,98
4027,81
4028,48
4029,35
4030,44
4031,94
4032,60
4033,94
4034,87
4035,59
4036,35
4037,61
4038,41
4039,27
4040,25
4041,76
4042,18
4043,35
4044,59
4045,53
4046,11
4047,41
4048,69
4049,66
4050,91
4051,6
4052,32
4053,94
4054,99
4055,48
4056,11
4057,4
4058,93
4059,3
4060,56
4061,20
4062,70
4063,54
4064,75
4065,41
4066,53
4067,65
4068,95
4069,25
4070,14
4071,2
4072,43
4073,96
4074,95
4075,38
4076,11
4077,9
4078,44
4079,99
4080,87
4081,79
4082,2
4083,59
4084,44
4085,48
4086,47
4087,25
4088,49
4089,6
4090,2
4091,26
4092,71
4093,76
4094,21
4095,81
4096,97
4097,99
4098,64
4099,6
4100,0
4101,68
4102,63
4103,82
4104,11
4105,69
4106,8
4107,3
4108,74
4109,6
4110,11
4111,61
4112,92
4113,7
4114,86
4115,23
4116,91
4117,38
4118,50
4119,65
4120,16
4121,68
4122,17
4123,41
4124,49
4125,20
4126,81
4127,75
4128,48
4129,81
4130,60
4131,4
4132,70
4133,96
4134,13
4135,88
4136,59
4137,59
4138,65
4139,62
4140,79
4141,46
4142,49
4143,91
4144,0
4145,36
4146,45
4147,48
4148,1
4149,33
4150,57
4151,89
4152,81
4153,97
4154,84
4155,4
4156,63
4157,91
4158,37
4159,91
4160,71
4161,19
4162,81
4163,32
4164,21
4165,79
4166,40
4167,71
4168,42
4169,73
4170,11
4171,94
4172,68
4173,81
4174,61
4175,83
4176,63
4177,64
4178,35
4179,87
4180,2
4181,21
4182,64
4183,39
4184,65
4185,81
4186,20
4187,21
4188,82
4189,68
4190,88
4191,63
4192,71
4193,69
4194,17
4195,99
4196,81
4197,43
4198,4
4199,10
4200,12
4201,13
4202,95
4203,43
4204,86
4205,24
4206,86
4207,23
4208,94
4209,49
4210,90
4211,8
4212,71
4213,52
4214,20
4215,63
4216,54
4217,53
4218,4
4219,4
4220,42
4221,53
4222,38
4223,66
4224,47
4225,65
4226,5
4227,35
4228,71
4229,54
4230,54
4231,17
4232,56
4233,70
4234,15
4235,69
4236,65
4237,24
4238,4
4239,8
4240,2
4241,9
4242,48
4243,66
4244,93
4245,94
4246,4
4247,46
4248,66
4249,6
4250,19
4251,8
4252,61
4253,94
4254,98
4255,19
4256,13
4257,36
4258,86
4259,20
4260,49
4261,49
4262,30
4263,82
4264,34
4265,14
4266,43
4267,55
4268,88
4269,35
4270,87
4271,65
4272,14
4273,45
4274,72
4275,73
4276,19
4277,36
4278,93
4279,35
4280,79
4281,97
4282,30
4283,93
4284,34
4285,97
4286,79
4287,28
4288,29
4289,0
4290,3
4291,12
4292,38
4293,75
4294,50
4295,77
4296,81
4297,61
4298,36
4299,81
4300,30
4301,36
4302,98
4303,6
4304,26
4305,63
4306,25
4307,13
4308,36
4309,56
4310,60
4311,30
4312,10
4313,97
4314,10
4315,1
4316,58
4317,35
4318,25
4319,90
4320,42
4321,26
4322,39
4323,38
4324,11
4325,9
4326,32
4327,12
4328,65
4329,8
4330,96
4331,10
4332,32
4333,88
4334,9
4335,89
4336,92
4337,19
4338,32
4339,91
4340,0
4341,69
4342,75
4343,68
4344,99
4345,65
4346,92
4347,29
4348,10
4349,88
4350,58
4351,67
4352,89
4353,4
4354,65
4355,28
4356,40
4357,76
4358,47
4359,58
4360,57
4361,16
4362,56
4363,26
4364,75
4365,50
4366,90
4367,10
4368,16
4369,88
4370,59
4371,93
4372,92
4373,11
4374,6
4375,65
4376,82
4377,83
4378,97
4379,54
4380,59
4381,49
4382,94
4383,39
4384,25
4385,40
4386,3
4387,25
4388,24
4389,32
4390,64
4391,81
4392,24
4393,46
4394,56
4395,65
4396,1
4397,50
4398,96
4399,2
4400,24
4401,14
4402,27
4403,83
4404,89
4405,14
4406,59
4407,24
4408,49
4409,5
4410,80
4411,98
4412,75
4413,55
4414,75
4415,31
4416,69
4417,36
4418,24
4419,31
4420,2
4421,68
4422,6
4423,90
4424,75
4425,41
4426,45
4427,86
4428,45
4429,8
4430,50
4431,18
4432,43
4433,10
4434,90
4435,10
4436,3
4437,17
4438,14
4439,92
4440,6
4441,14
4442,50
4443,86
4444,20
4445,36
4446,95
4447,14
4448,69
4449,88
4450,98
4451,4
4452,65
4453,1
4454,77
4455,81
4456,87
4457,93
4458,65
4459,70
4460,52
4461,48
4462,92
4463,58
4464,81
4465,56
4466,94
4467,95
4468,13
4469,93
4470,97
4471,10
4472,7
4473,74
4474,51
4475,22
4476,1
4477,75
4478,75
4479,73
4480,0
4481,75
4482,6
4483,75
4484,2
4485,6
4486,79
4487,48
4488,44
4489,71
4490,90
4491,3
4492,60
4493,44
4494,12
4495,7
4496,43
4497,32
4498,85
4499,47
4500,9
4501,4
4502,53
4503,93
4504,14
4505,51
4506,58
4507,89
4508,89
4509,44
4510,90
4511,81
4512,48
4513,29
4514,44
4515,58
4516,54
4517,79
4518,5
4519,40
4520,0
4521,81
4522,95
4523,25
4524,69
4525,76
4526,36
4527,23
4528,40
4529,43
4530,96
4531,62
4532,3
4533,55
4534,53
4535,91
4536,81
4537,73
4538,16
4539,55
4540,81
4541,33
4542,59
4543,6
4544,36
4545,4
4546,7
4547,11
4548,34
4549,4
4550,65
4551,35
4552,92
4553,52
4554,75
4555,99
4556,60
4557,70
4558,10
4559,67
4560,65
4561,8
4562,61
4563,89
4564,24
4565,96
4566,73
4567,70
4568,25
4569,7
4570,44
4571,93
4572,53
4573,28
4574,98
4575,54
4576,50
4577,3
4578,41
4579,4
4580,95
4581,47
4582,96
4583,56
4584,81
4585,21
4586,75
4587,70
4588,58
4589,24
4590,77
4591,24
4592,30
4593,99
4594,86
4595,86
4596,93
4597,76
4598,71
4599,56
4600,62
4601,3
4602,97
4603,4
4604,18
4605,28
4606,43
4607,10
4608,33
4609,33
4610,89
4611,42
4612,4
4613,0
4614,6
4615,49
4616,7
4617,59
4618,66
4619,99
4620,96
4621,34
4622,6
4623,11
4624,6
4625,29
4626,4
4627,21
4628,4
4629,61
4630,25
4631,94
4632,29
4633,81
4634,64
4635,11
4636,97
4637,57
4638,11
4639,59
4640,0
4641,1
4642,76
4643,77
4644,80
4645,4
4646,81
4647,32
4648,55
4649,4
4650,95
4651,68
4652,95
4653,1
4654,32
4655,92
4656,22
4657,52
4658,90
4659,46
4660,76
4661,71
4662,91
4663,89
4664,28
4665,79
4666,77
4667,93
4668,5
4669,79
4670,71
4671,79
4672,18
4673,88
4674,36
4675,24
4676,83
4677,36
4678,81
4679,4
4680,81
4681,87
4682,33
4683,9
4684,11
4685,6
4686,7
4687,14
4688,83
4689,25
4690,11
4691,89
4692,78
4693,89
4694,15
4695,91
4696,4
4697,57
4698,35
4699,25
4700,3
4701,62
4702,98
4703,34
4704,10
4705,54
4706,33
4707,99
4708,75
4709,3
4710,66
4711,43
4712,44
4713,76
4714,3
4715,21
4716,1
4717,99
4718,99
4719,33
4720,74
4721,79
4722,20
4723,25
4724,26
4725,11
4726,33
4727,97
4728,56
4729,96
4730,52
4731,89
4732,7
4733,4
4734,94
4735,47
4736,29
4737,4
4738,50
4739,49
4740,90
4741,41
4742,6
4743,30
4744,76
4745,21
4746,82
4747,96
4748,14
4749,50
4750,46
4751,14
4752,43
4753,32
4754,34
4755,9
4756,25
4757,19
4758,4
4759,67
4760,62
4761,65
4762,11
4763,71
4764,23
4765,8
4766,26
4767,53
4768,47
4769,29
4770,95
4771,86
4772,82
4773,81
4774,33
4775,93
4776,95
4777,23
4778,4
4779,70
4780,26
4781,24
4782,67
4783,3
4784,37
4785,82
4786,50
4787,15
4788,13
4789,22
4790,26
4791,36
4792,0
4793,12
4794,76
4795,47
4796,24
4797,92
4798,86
4799,86
4800,39
4801,19
4802,81
4803,71
4804,42
4805,93
4806,87
4807,17
4808,23
4809,39
4810,35
4811,32
4812,43
4813,36
4814,61
4815,24
4816,69
4817,35
4818,9
4819,98
4820,2
4821,13
4822,76
4823,10
4824,4
4825,25
4826,95
4827,33
4828,79
4829,5
4830,9
4831,33
4832,82
4833,72
4834,46
4835,6
4836,11
4837,86
4838,85
4839,4
4840,24
4841,23
4842,25
4843,48
4844,33
4845,61
4846,35
4847,25
4848,9
4849,37
4850,7
4851,82
4852,90
4853,28
4854,77
4855,16
4856,64
4857,98
4858,23
4859,22
4860,75
4861,99
4862,33
4863,50
4864,85
4865,36
4866,68
4867,4
4868,91
4869,61
4870,37
4871,66
4872,91
4873,19
4874,32
4875,7
4876,57
4877,44
4878,3
4879,17
4880,86
4881,58
4882,97
4883,97
4884,85
4885,98
4886,2
4887,81
4888,84
4889,19
4890,16
4891,65
4892,48
4893,81
4894,74
4895,44
4896,53
4897,91
4898,48
4899,10
4900,88
4901,65
4902,87
4903,66
4904,38
4905,24
4906,6
4907,21
4908,48
4909,95
4910,39
4911,3
4912,53
4913,56
4914,66
4915,4
4916,71
4917,11
4918,20
4919,69
4920,23
4921,66
4922,16
4923,0
4924,86
4925,47
4926,65
4927,82
4928,40
4929,3
4930,81
4931,47
4932,54
4933,94
4934,86
4935,50
4936,44
4937,25
4938,23
4939,25
4940,67
4941,7
4942,65
4943,18
4944,75
4945,23
4946,7
4947,94
4948,53
4949,27
4950,81
4951,86
4952,78
4953,13
4954,32
4955,35
4956,9
4957,33
4958,4
4959,56
4960,8
4961,6
4962,35
4963,83
4964,93
4965,0
4966,14
4967,23
4968,51
4969,37
4970,26
4971,42
4972,77
4973,37
4974,24
4975,47
4976,21
4977,62
4978,62
4979,81
4980,8
4981,32
4982,51
4983,91
4984,74
4985,79
4986,5
4987,18
4988,61
4989,53
4990,54
4991,34
4992,42
4993,33
4994,32
4995,99
4996,36
4997,59
4998,86
4999,39
5000,56
5001,53
5002,82
5003,48
5004,76
5005,82
5006,71
5007,58
5008,81
5009,58
5010,40
5011,15
5012,34
5013,44
5014,68
5015,13
5016,42
5017,2
5018,71
5019,47
5020,81
5021,91
5022,53
5023,23
5024,45
5025,81
5026,35
5027,43
5028,70
5029,15
5030,9
5031,38
5032,95
5033,6
5034,77
5035,13
5036,76
5037,41
5038,51
5039,71
5040,36
5041,17
5042,95
5043,86
5044,88
5045,49
5046,35
5047,35
5048,86
5049,59
5050,67
5051,63
5052,33
5053,71
5054,25
5055,6
5056,61
5057,77
5058,36
5059,33
5060,66
5061,98
5062,76
5063,8
5064,58
5065,53
5066,5
5067,15
5068,2
5069,93
5070,32
5071,16
5072,72
5073,11
5074,86
5075,93
5076,86
5077,67
5078,64
5079,75
5080,4
5081,81
5082,94
5083,61
5084,34
5085,54
5086,64
5087,10
5088,1
5089,3
5090,21
5091,90
5092,35
5093,69
5094,52
5095,77
5096,20
5097,91
5098,68
5099,36
5100,76
5101,2
5102,12
5103,43
5104,30
5105,72
5106,33
5107,32
5108,83
5109,6
5110,10
5111,18
5112,48
5113,97
5114,70
5115,37
5116,28
5117,35
5118,2
5119,12
5120,21
5121,81
5122,56
5123,14
5124,81
5125,75
5126,61
5127,23
5128,66
5129,58
5130,90
5131,43
5132,29
5133,98
5134,76
5135,28
5136,12
5137,43
5138,61
5139,86
5140,25
5141,89
5142,4
5143,74
5144,10
5145,47
5146,5
5147,11
5148,6
5149,81
5150,27
5151,61
5152,54
5153,23
5154,4
5155,82
5156,35
5157,30
5158,47
5159,28
5160,98
5161,54
5162,48
5163,81
5164,75
5165,4
5166,35
5167,35
5168,44
5169,73
5170,92
5171,8
5172,28
5173,30
5174,35
5175,48
5176,13
5177,36
5178,43
5179,86
5180,26
5181,72
5182,32
5183,98
5184,13
5185,42
5186,71
5187,69
5188,68
5189,81
5190,91
5191,24
5192,49
5193,12
5194,71
5195,87
5196,71
5197,35
5198,77
5199,88
5200,74
5201,81
5202,25
5203,11
5204,24
5205,29
5206,77
5207,74
5208,9
5209,14
5210,39
5211,0
5212,90
5213,72
5214,57
5215,94
5216,98
5217,75
5218,4
5219,43
5220,93
5221,32
5222,41
5223,52
5224,59
5225,71
5226,98
5227,94
5228,99
5229,86
5230,5
5231,42
5232,71
5233,36
5234,99
5235,59
5236,22
5237,52
5238,47
5239,5
5240,71
5241,71
5242,18
5243,74
5244,19
5245,56
5246,24
5247,55
5248,76
5249,43
5250,39
5251,16
5252,3
5253,43
5254,97
5255,95
5256,4
5257,33
5258,92
5259,69
5260,82
5261,51
5262,67
5263,47
5264,71
5265,96
5266,47
5267,33
5268,9
5269,81
5270,61
5271,36
5272,71
5273,39
5274,21
5275,23
5276,26
5277,43
5278,13
5279,88
5280,49
5281,33
5282,82
5283,73
5284,33
5285,72
5286,9
5287,89
5288,7
5289,46
5290,44
5291,64
5292,57
5293,68
5294,13
5295,34
5296,14
5297,70
5298,37
5299,35
5300,92
5301,71
5302,6
5303,96
5304,8
5305,30
5306,0
5307,33
5308,28
5309,0
5310,66
5311,48
5312,2
5313,60
5314,89
5315,16
5316,42
5317,13
5318,61
5319,22
5320,75
5321,37
5322,72
5323,60
5324,40
5325,37
5326,53
5327,33
5328,6
5329,6
5330,59
5331,64
5332,62
5333,94
5334,2
5335,95
5336,64
5337,33
5338,46
5339,44
5340,4
5341,48
5342,48
5343,98
5344,59
5345,11
5346,10
5347,22
5348,11
5349,71
5350,48
5351,92
5352,36
5353,20
5354,77
5355,76
5356,4
5357,61
5358,56
5359,65
5360,7
5361,45
5362,64
5363,45
5364,22
5365,61
5366,77
5367,85
5368,95
5369,20
5370,0
5371,65
5372,45
5373,33
5374,49
5375,40
5376,36
5377,98
5378,45
5379,87
5380,95
5381,46
5382,6
5383,38
5384,60
5385,3
5386,51
5387,94
5388,63
5389,6
5390,53
5391,35
5392,28
5393,26
5394,61
5395,29
5396,64
5397,95
5398,4
5399,63
5400,89
5401,22
5402,23
5403,86
5404,83
5405,78
5406,71
5407,4
5408,50
5409,99
5410,52
5411,36
5412,83
5413,28
5414,32
5415,20
5416,70
5417,39
5418,25
5419,26
5420,73
5421,1
5422,6
5423,12
5424,6
5425,97
5426,86
5427,7
5428,94
5429,85
5430,48
5431,16
5432,44
5433,64
5434,59
5435,70
5436,10
5437,58
5438,54
5439,60
5440,9
5441,7
5442,49
5443,71
5444,91
5445,13
5446,31
5447,67
5448,56
5449,34
5450,70
5451,69
5452,36
5453,43
5454,86
5455,19
5456,24
5457,26
5458,44
5459,12
5460,48
5461,19
5462,73
5463,22
5464,32
5465,12
5466,3
5467,14
5468,71
5469,89
5470,52
5471,50
5472,42
5473,20
5474,49
5475,54
5476,92
5477,94
5478,44
5479,10
5480,3
5481,64
5482,28
5483,44
5484,51
5485,62
5486,48
5487,79
5488,67
5489,7
5490,90
5491,93
5492,99
5493,88
5494,15
5495,41
5496,0
5497,6
5498,55
5499,23
5500,76
5501,57
5502,64
5503,87
5504,72
5505,39
5506,74
5507,14
5508,11
5509,40
5510,21
5511,32
5512,9
5513,4
5514,54
5515,14
5516,2
5517,84
5518,7
5519,15
5520,92
5521,62
5522,28
5523,23
5524,50
5525,31
5526,87
5527,61
5528,82
5529,6
5530,19
5531,94
5532,93
5533,87
5534,93
5535,98
5536,35
5537,68
5538,47
5539,18
5540,97
5541,7
5542,13
5543,64
5544,81
5545,2
5546,80
5547,76
5548,95
5549,5
5550,89
5551,69
5552,26
5553,49
5554,95
5555,10
5556,7
5557,47
5558,6
5559,24
5560,93
5561,60
5562,4
5563,59
5564,35
5565,94
5566,10
5567,23
5568,89
5569,33
5570,46
5571,81
5572,48
5573,82
5574,21
5575,95
5576,69
5577,79
5578,89
5579,33
5580,65
5581,76
5582,98
5583,4
5584,70
5585,67
5586,76
5587,94
5588,95
5589,93
5590,71
5591,74
5592,53
5593,41
5594,53
5595,86
5596,90
5597,23
5598,89
5599,36
5600,29
5601,34
5602,46
5603,20
5604,7
5605,4
5606,63
5607,53
5608,21
5609,37
5610,33
5611,76
5612,48
5613,63
5614,84
5615,31
5616,54
5617,28
5618,72
5619,26
5620,47
5621,4
5622,54
5623,98
5624,86
5625,61
5626,46
5627,51
5628,7
5629,59
5630,68
5631,84
5632,81
5633,39
5634,13
5635,81
5636,98
5637,81
5638,37
5639,6
5640,73
5641,39
5642,3
5643,94
5644,61
5645,47
5646,51
5647,5
5648,59
5649,16
5650,48
5651,23
5652,23
5653,6
5654,41
5655,6
5656,71
5657,60
5658,53
5659,33
5660,68
5661,52
5662,6
5663,40
5664,36
5665,7
5666,94
5667,73
5668,70
5669,59
5670,4
5671,45
5672,65
5673,55
5674,16
5675,0
5676,61
5677,24
5678,56
5679,0
5680,83
5681,4
5682,81
5683,20
5684,1
5685,11
5686,9
5687,65
5688,65
5689,32
5690,25
5691,48
5692,1
5693,59
5694,0
5695,76
5696,81
5697,36
5698,7
5699,20
5700,97
5701,10
5702,87
5703,71
5704,36
5705,95
5706,50
5707,36
5708,54
5709,70
5710,88
5711,6
5712,98
5713,54
5714,32
5715,58
5716,10
5717,72
5718,72
5719,4
5720,91
5721,71
5722,59
5723,33
5724,99
5725,43
5726,93
5727,0
5728,89
5729,95
5730,66
5731,0
5732,58
5733,40
5734,12
5735,57
5736,58
5737,97
5738,81
5739,99
5740,94
5741,9
5742,6
5743,68
5744,4
5745,72
5746,38
5747,15
5748,81
5749,81
5750,95
5751,3
5752,36
5753,83
5754,86
5755,76
5756,58
5757,90
5758,56
5759,44
5760,11
5761,72
5762,94
5763,90
5764,78
5765,56
5766,40
5767,63
5768,22
5769,65
5770,54
5771,40
5772,76
5773,95
5774,36
5775,79
5776,25
5777,95
5778,12
5779,3
5780,51
5781,6
5782,44
5783,65
5784,62
5785,33
5786,61
5787,3
5788,6
5789,92
5790,49
5791,30
5792,24
5793,71
5794,29
5795,24
5796,59
5797,46
5798,3
5799,11
5800,18
5801,74
5802,38
5803,30
5804,67
5805,36
5806,41
5807,0
5808,97
5809,54
5810,9
5811,13
5812,87
5813,81
5814,39
5815,1
5816,23
5817,81
5818,89
5819,97
5820,51
5821,35
5822,59
5823,62
5824,7
5825,94
5826,33
5827,56
5828,98
5829,65
5830,7
5831,35
5832,34
5833,2
5834,81
5835,18
5836,22
5837,56
5838,33
5839,41
5840,62
5841,7
5842,86
5843,59
5844,82
5845,22
5846,76
5847,32
5848,70
5849,28
5850,96
5851,73
5852,72
5853,81
5854,47
5855,8
5856,4
5857,17
5858,1
5859,82
5860,77
5861,10
5862,98
5863,57
5864,60
5865,16
5866,54
5867,7
5868,59
5869,45
5870,50
5871,13
5872,44
5873,74
5874,74
5875,71
5876,85
5877,89
5878,75
5879,28
5880,17
5881,62
5882,40
5883,93
5884,28
5885,0
5886,37
5887,26
5888,71
5889,34
5890,64
5891,99
5892,93
5893,86
5894,28
5895,26
5896,14
5897,35
5898,5
5899,41
5900,0
5901,38
5902,7
5903,98
5904,6
5905,42
5906,0
5907,73
5908,98
5909,73
5910,62
5911,22
5912,32
5913,0
5914,57
5915,19
5916,98
5917,53
5918,69
5919,47
5920,81
5921,25
5922,95
5923,3
5924,14
5925,52
5926,20
5927,23
5928,65
5929,79
5930,61
5931,7
5932,13
5933,23
5934,93
5935,65
5936,84
5937,90
5938,45
5939,9
5940,12
5941,60
5942,88
5943,6
5944,6
5945,34
5946,19
5947,97
5948,26
5949,78
5950,32
5951,23
5952,71
5953,68
5954,95
5955,12
5956,82
5957,86
5958,73
5959,61
5960,80
5961,30
5962,27
5963,10
5964,43
5965,71
5966,74
5967,62
5968,91
5969,81
5970,88
5971,11
5972,11
5973,91
5974,58
5975,70
5976,28
5977,90
5978,22
5979,4
5980,98
5981,9
5982,4
5983,20
5984,72
5985,81
5986,95
5987,36
5988,14
5989,12
5990,24
5991,61
5992,50
5993,9
5994,22
5995,20
5996,81
5997,60
5998,54
5999,4
6000,31
6001,18
6002,35
6003,23
6004,47
6005,12
6006,93
6007,88
6008,94
6009,93
6010,73
6011,17
6012,81
6013,76
6014,62
6015,33
6016,95
6017,95
6018,9
6019,55
6020,82
6021,11
6022,82
6023,35
6024,80
6025,9
6026,88
6027,21
6028,36
6029,55
6030,82
6031,24
6032,47
6033,10
6034,95
6035,9
6036,93
6037,98
6038,70
6039,88
6040,33
6041,98
6042,39
6043,70
6044,6
6045,99
6046,94
6047,70
6048,47
6049,62
6050,70
6051,9
6052,3
6053,6
6054,33
6055,38
6056,99
6057,16
6058,21
6059,28
6060,98
6061,29
6062,59
6063,89
6064,7
6065,14
6066,13
6067,34
6068,26
6069,10
6070,81
6071,40
6072,49
6073,29
6074,5
6075,13
6076,65
6077,65
6078,82
6079,10
6080,64
6081,12
6082,10
6083,17
6084,29
6085,65
6086,35
6087,29
6088,65
6089,9
6090,90
6091,97
6092,63
6093,28
6094,43
6095,53
6096,43
6097,99
6098,86
6099,0
6100,32
6101,90
6102,62
6103,91
6104,21
6105,97
6106,56
6107,23
6108,71
6109,26
6110,35
6111,88
6112,71
6113,4
6114,47
6115,63
6116,32
6117,39
6118,90
6119,31
6120,84
6121,6
6122,89
6123,18
6124,43
6125,33
6126,11
6127,6
6128,40
6129,91
6130,19
6131,37
6132,97
6133,6
6134,99
6135,11
6136,4
6137,59
6138,10
6139,61
6140,3
6141,20
6142,96
6143,36
6144,48
6145,45
6146,35
6147,63
6148,98
6149,12
6150,73
6151,3
6152,77
6153,79
6154,26
6155,6
6156,4
6157,65
6158,32
6159,25
6160,97
6161,87
6162,34
6163,34
6164,56
6165,22
6166,16
6167,92
6168,39
6169,94
6170,67
6171,36
6172,17
6173,28
6174,47
6175,11
6176,25
6177,88
6178,22
6179,49
6180,78
6181,9
6182,30
6183,59
6184,28
6185,72
6186,19
6187,35
6188,23
6189,55
6190,4
6191,87
6192,65
6193,86
6194,75
6195,70
6196,26
6197,57
6198,99
6199,53
6200,25
6201,4
6202,32
6203,38
6204,39
6205,95
6206,10
6207,37
6208,49
6209,3
6210,42
6211,13
6212,62
6213,81
6214,9
6215,3
6216,69
6217,9
6218,22
6219,70
6220,96
6221,25
6222,62
6223,76
6224,22
6225,98
6226,8
6227,28
6228,11
6229,3
6230,35
6231,76
6232,56
6233,20
6234,95
6235,68
6236,47
6237,94
6238,22
6239,9
6240,23
6241,11
6242,4
6243,27
6244,14
6245,20
6246,59
6247,43
6248,30
6249,47
6250,60
6251,28
6252,26
6253,0
6254,5
6255,31
6256,3
6257,29
6258,24
6259,71
6260,52
6261,60
6262,35
6263,57
6264,52
6265,87
6266,26
6267,10
6268,83
6269,61
6270,40
6271,56
6272,1
6273,46
6274,6
6275,71
6276,4
6277,75
6278,15
6279,48
6280,11
6281,23
6282,18
6283,71
6284,44
6285,30
6286,80
6287,73
6288,32
6289,5
6290,43
6291,46
6292,66
6293,88
6294,90
6295,47
6296,26
6297,39
6298,6
6299,86
6300,3
6301,98
6302,36
6303,66
6304,10
6305,74
6306,4
6307,25
6308,4
6309,6
6310,28
6311,64
6312,54
6313,82
6314,30
6315,71
6316,25
6317,46
6318,95
6319,47
6320,4
6321,50
6322,37
6323,87
6324,97
6325,4
6326,3
6327,10
6328,75
6329,98
6330,65
6331,66
6332,52
6333,52
6334,94
6335,66
6336,24
6337,69
6338,41
6339,81
6340,90
6341,60
6342,61
6343,48
6344,7
6345,71
6346,65
6347,9
6348,36
6349,95
6350,35
6351,54
6352,71
6353,46
6354,82
6355,73
6356,97
6357,46
6358,95
6359,59
6360,48
6361,24
6362,59
6363,3
6364,20
6365,6
6366,62
6367,96
6368,81
6369,63
6370,39
6371,61
6372,45
6373,95
6374,35
6375,79
6376,76
6377,74
6378,81
6379,89
6380,13
6381,23
6382,48
6383,83
6384,0
6385,30
6386,35
6387,21
6388,82
6389,95
6390,94
6391,4
6392,71
6393,75
6394,82
6395,22
6396,75
6397,62
6398,89
6399,36
6400,9
6401,88
6402,67
6403,81
6404,93
6405,96
6406,17
6407,76
6408,5
6409,42
6410,55
6411,13
6412,37
6413,94
6414,62
6415,0
6416,48
6417,35
6418,15
6419,39
6420,76
6421,60
6422,19
6423,94
6424,99
6425,68
6426,52
6427,19
6428,4
6429,7
6430,89
6431,46
6432,39
6433,3
6434,14
6435,25
6436,98
6437,42
6438,7
6439,36
6440,9
6441,66
6442,44
6443,59
6444,33
6445,79
6446,63
6447,9
6448,36
6449,8
6450,36
6451,25
6452,32
6453,6
6454,65
6455,44
6456,4
6457,16
6458,32
6459,45
6460,12
6461,99
6462,44
6463,6
6464,89
6465,0
6466,69
6467,14
6468,7
6469,51
6470,32
6471,30
6472,9
6473,3
6474,85
6475,15
6476,7
6477,71
6478,71
6479,56
6480,59
6481,88
6482,22
6483,98
6484,19
6485,72
6486,70
6487,56
6488,98
6489,30
6490,22
6491,20
6492,66
6493,86
6494,4
6495,29
6496,23
6497,91
6498,63
6499,43
6500,22
6501,49
6502,36
6503,28
6504,52
6505,10
6506,85
6507,9
6508,22
6509,6
6510,23
6511,3
6512,94
6513,36
6514,25
6515,4
6516,53
6517,12
6518,64
6519,36
6520,22
6521,88
6522,84
6523,33
6524,6
6525,24
6526,55
6527,12
6528,29
6529,90
6530,84
6531,10
6532,6
6533,65
6534,89
6535,44
6536,57
6537,99
6538,65
6539,4
6540,26
6541,16
6542,96
6543,39
6544,3
6545,34
6546,44
6547,48
6548,56
6549,80
6550,53
6551,62
6552,39
6553,8
6554,99
6555,72
6556,81
6557,23
6558,51
6559,24
6560,4
6561,38
6562,33
6563,71
6564,43
6565,74
6566,50
6567,31
6568,87
6569,49
6570,40
6571,24
6572,60
6573,35
6574,58
6575,70
6576,44
6577,97
6578,80
6579,66
6580,93
6581,34
6582,25
6583,90
6584,48
6585,36
6586,49
6587,62
6588,59
6589,39
6590,61
6591,20
6592,79
6593,32
6594,20
6595,79
6596,67
6597,28
6598,76
6599,31
6600,44
6601,44
6602,40
6603,35
6604,4
6605,8
6606,98
6607,52
6608,23
6609,55
6610,32
6611,35
6612,52
6613,73
6614,87
6615,62
6616,15
6617,46
6618,88
6619,20
6620,52
6621,96
6622,65
6623,25
6624,35
6625,77
6626,4
6627,24
6628,4
6629,15
6630,36
6631,98
6632,32
6633,41
6634,32
6635,71
6636,76
6637,4
6638,30
6639,21
6640,81
6641,1
6642,3
6643,47
6644,35
6645,41
6646,29
6647,82
6648,32
6649,4
6650,71
6651,35
6652,97
6653,84
6654,6
6655,20
6656,86
6657,22
6658,54
6659,82
6660,53
6661,60
6662,36
6663,83
6664,3
6665,32
6666,66
6667,87
6668,66
6669,11
6670,69
6671,23
6672,35
6673,22
6674,49
6675,98
6676,32
6677,54
6678,32
6679,33
6680,73
6681,8
6682,99
6683,54
6684,76
6685,96
6686,31
6687,82
6688,75
6689,61
6690,55
6691,90
6692,88
6693,36
6694,76
6695,29
6696,85
6697,26
6698,2
6699,25
6700,26
6701,11
6702,3
6703,90
6704,64
6705,65
6706,81
6707,73
6708,47
6709,32
6710,22
6711,26
6712,94
6713,45
6714,5
6715,73
6716,98
6717,71
6718,21
6719,28
6720,62
6721,77
6722,95
6723,75
6724,40
6725,37
6726,4
6727,95
6728,63
6729,51
6730,48
6731,65
6732,6
6733,39
6734,5
6735,32
6736,30
6737,14
6738,0
6739,23
6740,22
6741,47
6742,81
6743,81
6744,76
6745,44
6746,38
6747,69
6748,24
6749,23
6750,57
6751,50
6752,55
6753,27
6754,70
6755,57
6756,30
6757,3
6758,35
6759,30
6760,39
6761,46
6762,90
6763,3
6764,81
6765,74
6766,31
6767,42
6768,52
6769,85
6770,0
6771,86
6772,10
6773,52
6774,10
6775,11
6776,95
6777,39
6778,15
6779,77
6780,50
6781,23
6782,41
6783,94
6784,86
6785,37
6786,1
6787,54
6788,9
6789,98
6790,37
6791,81
6792,14
6793,69
6794,77
6795,61
6796,75
6797,24
6798,23
6799,8
6800,24
6801,10
6802,4
6803,73
6804,10
6805,36
6806,0
6807,89
6808,7
6809,94
6810,33
6811,66
6812,49
6813,65
6814,81
6815,72
6816,96
6817,11
6818,44
6819,9
6820,52
6821,70
6822,89
6823,94
6824,37
6825,9
6826,11
6827,0
6828,14
6829,52
6830,4
6831,61
6832,81
6833,54
6834,10
6835,47
6836,33
6837,70
6838,93
6839,62
6840,25
6841,98
6842,83
6843,36
6844,26
6845,82
6846,47
6847,83
6848,8
6849,89
6850,73
6851,4
6852,86
6853,74
6854,32
6855,32
6856,38
6857,9
6858,90
6859,83
6860,40
6861,81
6862,33
6863,94
6864,71
6865,8
6866,89
6867,69
6868,76
6869,43
6870,60
6871,94
6872,62
6873,9
6874,90
6875,11
6876,54
6877,45
6878,32
6879,4
6880,3
6881,68
6882,17
6883,0
6884,81
6885,32
6886,9
6887,95
6888,65
6889,98
6890,61
6891,32
6892,23
6893,10
6894,73
6895,44
6896,70
6897,70
6898,4
6899,9
6900,86
6901,91
6902,70
6903,59
6904,30
6905,87
6906,41
6907,81
6908,76
6909,26
6910,67
6911,35
6912,95
6913,29
6914,48
6915,33
6916,82
6917,38
6918,4
6919,86
6920,81
6921,81
6922,0
6923,29
6924,42
6925,18
6926,47
6927,54
6928,82
6929,12
6930,81
6931,53
6932,3
6933,18
6934,54
6935,36
6936,44
6937,35
6938,31
6939,62
6940,90
6941,65
6942,28
6943,20
6944,92
6945,33
6946,3
6947,14
6948,72
6949,62
6950,56
6951,88
6952,23
6953,71
6954,89
6955,76
6956,48
6957,60
6958,99
6959,86
6960,24
6961,37
6962,16
6963,76
6964,25
6965,54
6966,60
6967,97
6968,91
6969,77
6970,88
6971,7
6972,16
6973,59
6974,59
6975,53
6976,32
6977,7
6978,9
6979,65
6980,35
6981,5
6982,91
6983,47
6984,83
6985,4
6986,9
6987,39
6988,32
6989,75
6990,4
6991,46
6992,81
6993,92
6994,3
6995,61
6996,29
6997,38
6998,39
6999,9
7000,35
7001,91
7002,72
7003,7
7004,34
7005,96
7006,90
7007,83
7008,1
7009,67
7010,46
7011,3
7012,9
7013,87
7014,88
7015,90
7016,38
7017,82
7018,12
7019,6
7020,42
7021,34
7022,14
7023,14
7024,28
7025,70
7026,37
7027,18
7028,97
7029,30
7030,69
7031,59
7032,4
7033,86
7034,35
7035,99
7036,97
7037,2
7038,34
7039,23
7040,9
7041,53
7042,95
7043,85
7044,46
7045,71
7046,12
7047,6
7048,71
7049,14
7050,94
7051,37
7052,86
7053,20
7054,28
7055,51
7056,62
7057,90
7058,13
7059,35
7060,4
7061,98
7062,36
7063,20
7064,57
7065,1
7066,96
7067,86
7068,56
7069,59
7070,25
7071,14
7072,23
7073,14
7074,9
7075,50
7076,2
7077,9
7078,42
7079,21
7080,81
7081,73
7082,6
7083,81
7084,80
7085,64
7086,81
7087,50
7088,4
7089,48
7090,94
7091,82
7092,34
7093,9
7094,29
7095,6
7096,39
7097,1
7098,68
7099,83
7100,71
7101,18
7102,84
7103,23
7104,54
7105,69
7106,36
7107,49
7108,31
7109,48
7110,48
7111,2
7112,99
7113,97
7114,26
7115,44
7116,12
7117,14
7118,56
7119,58
7120,70
7121,85
7122,70
7123,94
7124,41
7125,97
7126,5
7127,3
7128,15
7129,62
7130,2
7131,81
7132,59
7133,90
7134,65
7135,9
7136,58
7137,11
7138,86
7139,62
7140,24
7141,27
7142,74
7143,26
7144,56
7145,68
7146,29
7147,3
7148,95
7149,81
7150,77
7151,95
7152,10
7153,33
7154,76
7155,2
7156,90
7157,19
7158,52
7159,84
7160,48
7161,44
7162,33
7163,98
7164,33
7165,28
7166,6
7167,69
7168,36
7169,72
7170,65
7171,94
7172,86
7173,65
7174,16
7175,70
7176,56
7177,4
7178,35
7179,83
7180,71
7181,51
7182,9
7183,11
7184,61
7185,2
7186,33
7187,62
7188,85
7189,50
7190,57
7191,39
7192,20
7193,38
7194,19
7195,25
7196,35
7197,62
7198,15
7199,53
7200,19
7201,47
7202,65
7203,10
7204,28
7205,27
7206,9
7207,58
7208,86
7209,48
7210,52
7211,51
7212,71
7213,7
7214,60
7215,38
7216,36
7217,71
7218,92
7219,0
7220,19
7221,35
7222,90
7223,25
7224,16
7225,2
7226,75
7227,41
7228,65
7229,51
7230,95
7231,46
7232,1
7233,77
7234,37
7235,65
7236,68
7237,26
7238,14
7239,90
7240,35
7241,30
7242,8
7243,3
7244,40
7245,99
7246,64
7247,17
7248,34
7249,48
7250,75
7251,6
7252,53
7253,76
7254,30
7255,4
7256,32
7257,37
7258,57
7259,9
7260,98
7261,54
7262,8
7263,43
7264,10
7265,97
7266,8
7267,40
7268,0
7269,1
7270,73
7271,93
7272,93
7273,6
7274,65
7275,90
7276,44
7277,24
7278,75
7279,97
7280,87
7281,8
7282,8
7283,50
7284,31
7285,9
7286,86
7287,77
7288,58
7289,48
7290,35
7291,26
7292,32
7293,15
7294,3
7295,26
7296,64
7297,51
7298,15
7299,72
7300,91
7301,3
7302,95
7303,87
7304,77
7305,35
7306,54
7307,36
7308,36
7309,93
7310,35
7311,25
7312,6
7313,70
7314,4
7315,98
7316,71
7317,79
7318,23
7319,5
7320,58
7321,74
7322,99
7323,62
7324,86
7325,21
7326,32
7327,36
7328,82
7329,95
7330,71
7331,61
7332,23
7333,29
7334,47
7335,40
7336,63
7337,25
7338,19
7339,93
7340,24
7341,9
7342,3
7343,46
7344,5
7345,10
7346,2
7347,89
7348,95
7349,47
7350,57
7351,65
7352,12
7353,88
7354,92
7355,25
7356,51
7357,15
7358,28
7359,2
7360,76
7361,54
7362,22
7363,68
7364,65
7365,83
7366,25
7367,42
7368,35
7369,45
7370,46
7371,67
7372,7
7373,88
7374,54
7375,97
7376,13
7377,46
7378,8
7379,10
7380,70
7381,6
7382,87
7383,40
7384,52
7385,6
7386,50
7387,26
7388,37
7389,13
7390,94
7391,81
7392,81
7393,96
7394,75
7395,34
7396,71
7397,60
7398,76
7399,95
7400,10
7401,2
7402,23
7403,11
7404,79
7405,28
7406,40
7407,59
7408,96
7409,92
7410,30
7411,97
7412,44
7413,6
7414,47
7415,83
7416,95
7417,6
7418,57
7419,71
7420,99
7421,83
7422,81
7423,9
7424,83
7425,33
7426,64
7427,44
7428,10
7429,92
7430,40
7431,40
7432,89
7433,4
7434,65
7435,62
7436,28
7437,94
7438,47
7439,86
7440,46
7441,13
7442,70
7443,94
7444,4
7445,65
7446,60
7447,66
7448,74
7449,63
7450,56
7451,60
7452,12
7453,53
7454,98
7455,64
7456,20
7457,62
7458,24
7459,16
7460,26
7461,12
7462,33
7463,10
7464,71
7465,61
7466,30
7467,45
7468,75
7469,94
7470,29
7471,35
7472,26
7473,16
7474,37
7475,80
7476,63
7477,85
7478,33
7479,23
7480,40
7481,11
7482,70
7483,51
7484,37
7485,4
7486,56
7487,11
7488,60
7489,48
7490,21
7491,3
7492,71
7493,56
7494,63
7495,4
7496,96
7497,79
7498,17
7499,20
7500,70
7501,7
7502,91
7503,43
7504,14
7505,92
7506,6
7507,88
7508,13
7509,85
7510,47
7511,74
7512,81
7513,63
7514,59
7515,10
7516,86
7517,90
7518,53
7519,50
7520,2
7521,6
7522,61
7523,92
7524,94
7525,79
7526,60
7527,21
7528,86
7529,64
7530,10
7531,41
7532,71
7533,35
7534,47
7535,20
7536,87
7537,90
7538,47
7539,26
7540,83
7541,3
7542,20
7543,81
7544,24
7545,16
7546,91
7547,83
7548,68
7549,93
7550,87
7551,81
7552,71
7553,45
7554,15
7555,6
7556,57
7557,64
7558,50
7559,89
7560,88
7561,34
7562,8
7563,89
7564,67
7565,71
7566,71
7567,59
7568,40
7569,48
7570,81
7571,16
7572,64
7573,3
7574,4
7575,4
7576,29
7577,43
7578,11
7579,32
7580,45
7581,22
7582,64
7583,37
7584,78
7585,45
7586,62
7587,36
7588,54
7589,10
7590,89
7591,62
7592,22
7593,53
7594,45
7595,4
7596,28
7597,37
7598,54
7599,30
7600,95
7601,7
7602,59
7603,24
7604,94
7605,7
7606,94
7607,94
7608,35
7609,4
7610,96
7611,63
7612,86
7613,26
7614,4
7615,4
7616,82
7617,36
7618,75
7619,43
7620,50
7621,88
7622,0
7623,90
7624,30
7625,26
7626,61
7627,74
7628,81
7629,92
7630,74
7631,47
7632,6
7633,10
7634,62
7635,65
7636,69
7637,84
7638,0
7639,43
7640,89
7641,32
7642,32
7643,45
7644,92
7645,18
7646,59
7647,19
7648,8
7649,68
7650,76
7651,3
7652,83
7653,83
7654,54
7655,0
7656,86
7657,51
7658,81
7659,66
7660,37
7661,58
7662,81
7663,61
7664,41
7665,64
7666,52
7667,98
7668,68
7669,77
7670,4
7671,11
7672,2
7673,25
7674,35
7675,36
7676,43
7677,26
7678,75
7679,53
7680,31
7681,25
7682,35
7683,82
7684,7
7685,36
7686,61
7687,7
7688,93
7689,70
7690,5
7691,37
7692,95
7693,13
7694,94
7695,33
7696,65
7697,22
7698,81
7699,23
7700,80
7701,47
7702,88
7703,71
7704,67
7705,6
7706,84
7707,2
7708,64
7709,60
7710,67
7711,34
7712,50
7713,88
7714,26
7715,65
7716,36
7717,30
7718,41
7719,59
7720,54
7721,13
7722,31
7723,75
7724,35
7725,49
7726,14
7727,98
7728,9
7729,25
7730,57
7731,83
7732,26
7733,10
7734,47
7735,74
7736,81
7737,22
7738,85
7739,39
7740,7
7741,25
7742,11
7743,74
7744,70
7745,70
7746,23
7747,92
7748,87
7749,90
7750,38
7751,55
7752,97
7753,50
7754,9
7755,82
7756,42
7757,66
7758,24
7759,4
7760,6
7761,2
7762,9
7763,75
7764,50
7765,43
7766,31
7767,25
7768,48
7769,95
7770,76
7771,83
7772,33
7773,28
7774,90
7775,74
7776,82
7777,24
7778,34
7779,10
7780,9
7781,39
7782,7
7783,42
7784,10
7785,91
7786,59
7787,77
7788,70
7789,64
7790,53
7791,30
7792,84
7793,10
7794,81
7795,26
7796,10
7797,65
7798,35
7799,46
7800,34
7801,44
7802,25
7803,11
7804,71
7805,36
7806,48
7807,30
7808,24
7809,66
7810,18
7811,3
7812,13
7813,18
7814,25
7815,97
7816,81
7817,3
7818,29
7819,91
7820,91
7821,61
7822,7
7823,13
7824,71
7825,54
7826,98
7827,52
7828,94
7829,44
7830,64
7831,56
7832,9
7833,34
7834,60
7835,89
7836,30
7837,59
7838,22
7839,6
7840,79
7841,4
7842,54
7843,99
7844,60
7845,69
7846,36
7847,18
7848,14
7849,26
7850,9
7851,90
7852,81
7853,2
7854,63
7855,83
7856,22
7857,87
7858,95
7859,79
7860,99
7861,0
7862,54
7863,90
7864,65
7865,80
7866,89
7867,37
7868,23
7869,53
7870,37
7871,81
7872,10
7873,36
7874,58
7875,3
7876,4
7877,35
7878,84
7879,91
7880,16
7881,51
7882,33
7883,10
7884,90
7885,84
7886,69
7887,83
7888,63
7889,90
7890,24
7891,55
7892,39
7893,76
7894,18
7895,4
7896,52
7897,2
7898,75
7899,40
7900,81
7901,84
7902,6
7903,20
7904,55
7905,11
7906,89
7907,7
7908,24
7909,53
7910,23
7911,14
7912,21
7913,86
7914,75
7915,26
7916,24
7917,22
7918,33
7919,95
7920,52
7921,90
7922,49
7923,22
7924,26
7925,45
7926,65
7927,46
7928,30
7929,36
7930,1
7931,23
7932,97
7933,83
7934,2
7935,43
7936,93
7937,4
7938,39
7939,99
7940,62
7941,53
7942,97
7943,64
7944,99
7945,84
7946,57
7947,8
7948,96
7949,8
7950,65
7951,62
7952,29
7953,30
7954,73
7955,2
7956,17
7957,87
7958,64
7959,64
7960,45
7961,83
7962,58
7963,30
7964,44
7965,86
7966,4
7967,5
7968,57
7969,18
7970,23
7971,29
7972,89
7973,88
7974,72
7975,16
7976,86
7977,54
7978,95
7979,64
7980,97
7981,0
7982,3
7983,35
7984,4
7985,86
7986,92
7987,34
7988,85
7989,82
7990,65
7991,82
7992,17
7993,15
7994,90
7995,99
7996,26
7997,98
7998,28
7999,13
8000,6
8001,1
8002,63
8003,95
8004,0
8005,9
8006,76
8007,23
8008,29
8009,65
8010,32
8011,1
8012,35
8013,0
8014,13
8015,88
8016,11
8017,19
8018,56
8019,83
8020,14
8021,61
8022,79
8023,37
8024,60
8025,53
8026,89
8027,6
8028,81
8029,6
8030,96
8031,41
8032,64
8033,26
8034,25
8035,60
8036,32
8037,46
8038,3
8039,33
8040,6
8041,4
8042,42
8043,37
8044,7
8045,0
8046,87
8047,66
8048,95
8049,86
8050,56
8051,66
8052,12
8053,54
8054,21
8055,79
8056,8
8057,88
8058,76
8059,2
8060,40
8061,57
8062,98
8063,55
8064,55
8065,8
8066,57
8067,33
8068,14
8069,3
8070,4
8071,81
8072,94
8073,36
8074,26
8075,9
8076,64
8077,57
8078,24
8079,21
8080,34
8081,69
8082,58
8083,89
8084,36
8085,13
8086,91
8087,25
8088,9
8089,13
8090,28
8091,65
8092,44
8093,70
8094,96
8095,24
8096,61
8097,59
8098,79
8099,70
8100,34
8101,97
8102,81
8103,49
8104,67
8105,65
8106,62
8107,4
8108,38
8109,34
8110,61
8111,9
8112,81
8113,65
8114,24
8115,3
8116,98
8117,75
8118,65
8119,98
8120,1
8121,84
8122,84
8123,61
8124,4
8125,91
8126,13
8127,90
8128,68
8129,71
8130,45
8131,70
8132,88
8133,90
8134,32
8135,0
8136,9
8137,8
8138,35
8139,28
8140,3
8141,89
8142,24
8143,50
8144,36
8145,11
8146,50
8147,13
8148,41
8149,31
8150,40
8151,86
8152,84
8153,26
8154,11
8155,4
8156,36
8157,69
8158,40
8159,98
8160,67
8161,44
8162,66
8163,60
8164,6
8165,58
8166,82
8167,96
8168,98
8169,89
8170,28
8171,3
8172,95
8173,9
8174,60
8175,76
8176,91
8177,74
8178,2
8179,3
8180,62
8181,43
8182,91
8183,89
8184,63
8185,4
8186,88
8187,88
8188,53
8189,46
8190,28
8191,8
8192,7
8193,44
8194,59
8195,61
8196,60
8197,67
8198,61
8199,26
8200,98
8201,43
8202,30
8203,92
8204,92
8205,6
8206,35
8207,94
8208,9
8209,20
8210,4
8211,70
8212,90
8213,97
8214,76
8215,23
8216,66
8217,95
8218,81
8219,90
8220,73
8221,71
8222,21
8223,92
8224,3
8225,46
8226,9
8227,79
8228,41
8229,75
8230,44
8231,19
8232,41
8233,39
8234,22
8235,97
8236,87
8237,45
8238,91
8239,36
8240,77
8241,65
8242,75
8243,62
8244,46
8245,61
8246,85
8247,38
8248,12
8249,1
8250,0
8251,30
8252,84
8253,98
8254,29
8255,75
8256,18
8257,48
8258,81
8259,91
8260,35
8261,36
8262,62
8263,19
8264,11
8265,95
8266,30
8267,36
8268,86
8269,47
8270,18
8271,40
8272,40
8273,34
8274,28
8275,66
8276,11
8277,81
8278,61
8279,95
8280,79
8281,5
8282,46
8283,71
8284,81
8285,29
8286,84
8287,69
8288,30
8289,6
8290,90
8291,62
8292,33
8293,50
8294,7
8295,72
8296,54
8297,71
8298,25
8299,14
8300,48
8301,77
8302,0
8303,70
8304,38
8305,4
8306,24
8307,69
8308,94
8309,9
8310,42
8311,41
8312,23
8313,34
8314,0
8315,92
8316,85
8317,9
8318,43
8319,79
8320,30
8321,75
8322,4
8323,38
8324,42
8325,45
8326,15
8327,0
8328,36
8329,81
8330,43
8331,98
8332,69
8333,88
8334,42
8335,61
8336,71
8337,98
8338,30
8339,86
8340,3
8341,92
8342,21
8343,46
8344,1
8345,4
8346,47
8347,43
8348,62
8349,74
8350,60
8351,18
8352,1
8353,71
8354,96
8355,35
8356,47
8357,90
8358,2
8359,28
8360,96
8361,22
8362,76
8363,14
8364,4
8365,54
8366,72
8367,30
8368,40
8369,39
8370,77
8371,41
8372,7
8373,49
8374,83
8375,11
8376,44
8377,91
8378,82
8379,4
8380,60
8381,88
8382,56
8383,62
8384,32
8385,4
8386,97
8387,99
8388,49
8389,40
8390,33
8391,58
8392,95
8393,21
8394,81
8395,24
8396,7
8397,53
8398,52
8399,6
8400,4
8401,33
8402,8
8403,4
8404,26
8405,34
8406,39
8407,4
8408,59
8409,89
8410,13
8411,87
8412,33
8413,98
8414,16
8415,33
8416,76
8417,41
8418,63
8419,8
8420,75
8421,17
8422,38
8423,93
8424,80
8425,4
8426,41
8427,60
8428,30
8429,64
8430,21
8431,77
8432,81
8433,54
8434,87
8435,86
8436,37
8437,47
8438,14
8439,35
8440,95
8441,72
8442,86
8443,62
8444,26
8445,50
8446,28
8447,15
8448,40
8449,59
8450,76
8451,45
8452,92
8453,39
8454,59
8455,13
8456,17
8457,48
8458,79
8459,71
8460,48
8461,69
8462,9
8463,43
8464,84
8465,35
8466,71
8467,97
8468,11
8469,86
8470,82
8471,48
8472,39
8473,88
8474,54
8475,82
8476,14
8477,17
8478,81
8479,28
8480,70
8481,54
8482,49
8483,52
8484,69
8485,79
8486,16
8487,62
8488,85
8489,68
8490,99
8491,88
8492,40
8493,69
8494,36
8495,71
8496,93
8497,88
8498,25
8499,46
8500,44
8501,22
8502,70
8503,58
8504,88
8505,6
8506,75
8507,73
8508,92
8509,37
8510,28
8511,11
8512,55
8513,88
8514,12
8515,38
8516,95
8517,7
8518,9
8519,58
8520,10
8521,39
8522,24
8523,17
8524,33
8525,77
8526,43
8527,94
8528,75
8529,50
8530,72
8531,94
8532,64
8533,76
8534,60
8535,97
8536,65
8537,0
8538,75
8539,31
8540,30
8541,71
8542,75
8543,47
8544,6
8545,36
8546,26
8547,44
8548,6
8549,34
8550,26
8551,43
8552,53
8553,66
8554,87
8555,59
8556,61
8557,52
8558,40
8559,24
8560,86
8561,35
8562,54
8563,88
8564,61
8565,87
8566,54
8567,24
8568,10
8569,66
8570,12
8571,12
8572,22
8573,86
8574,35
8575,79
8576,39
8577,45
8578,0
8579,39
8580,89
8581,82
8582,7
8583,87
8584,91
8585,73
8586,64
8587,62
8588,31
8589,65
8590,61
8591,11
8592,28
8593,15
8594,55
8595,70
8596,11
8597,70
8598,15
8599,4
8600,76
8601,98
8602,64
8603,26
8604,38
8605,47
8606,47
8607,32
8608,67
8609,81
8610,26
8611,92
8612,95
8613,60
8614,83
8615,35
8616,98
8617,33
8618,34
8619,7
8620,64
8621,62
8622,11
8623,19
8624,42
8625,63
8626,59
8627,48
8628,79
8629,65
8630,34
8631,76
8632,19
8633,68
8634,4
8635,64
8636,16
8637,63
8638,81
8639,20
8640,9
8641,29
8642,4
8643,53
8644,14
8645,38
8646,4
8647,64
8648,15
8649,1
8650,4
8651,65
8652,1
8653,25
8654,32
8655,90
8656,10
8657,33
8658,55
8659,90
8660,30
8661,8
8662,95
8663,75
8664,45
8665,4
8666,26
8667,77
8668,28
8669,63
8670,86
8671,53
8672,34
8673,44
8674,73
8675,3
8676,35
8677,93
8678,90
8679,18
8680,11
8681,31
8682,69
8683,47
8684,36
8685,95
8686,85
8687,4
8688,1
8689,82
8690,6
8691,37
8692,77
8693,13
8694,31
8695,88
8696,23
8697,90
8698,6
8699,83
8700,36
8701,92
8702,88
8703,23
8704,64
8705,61
8706,5
8707,64
8708,99
8709,28
8710,4
8711,63
8712,14
8713,97
8714,27
8715,36
8716,71
8717,81
8718,50
8719,69
8720,28
8721,29
8722,67
8723,92
8724,59
8725,62
8726,53
8727,73
8728,7
8729,96
8730,82
8731,36
8732,69
8733,68
8734,68
8735,34
8736,82
8737,72
8738,17
8739,8
8740,10
8741,76
8742,7
8743,21
8744,13
8745,47
8746,53
8747,36
8748,4
8749,58
8750,4
8751,32
8752,96
8753,20
8754,29
8755,50
8756,69
8757,87
8758,45
8759,34
8760,23
8761,91
8762,3
8763,48
8764,71
8765,36
8766,71
8767,0
8768,56
8769,6
8770,76
8771,73
8772,44
8773,81
8774,42
8775,61
8776,21
8777,95
8778,88
8779,10
8780,89
8781,24
8782,1
8783,80
8784,67
8785,82
8786,5
8787,64
8788,51
8789,59
8790,79
8791,70
8792,97
8793,88
8794,59
8795,87
8796,60
8797,39
8798,76
8799,45
8800,4
8801,6
8802,25
8803,35
8804,22
8805,88
8806,87
8807,71
8808,26
8809,3
8810,60
8811,73
8812,9
8813,75
8814,5
8815,63
8816,4
8817,32
8818,65
8819,56
8820,45
8821,36
8822,76
8823,52
8824,2
8825,44
8826,71
8827,30
8828,6
8829,74
8830,79
8831,46
8832,99
8833,86
8834,80
8835,6
8836,4
8837,64
8838,62
8839,93
8840,6
8841,57
8842,43
8843,81
8844,76
8845,65
8846,95
8847,93
8848,4
8849,71
8850,77
8851,86
8852,97
8853,93
8854,19
8855,70
8856,4
8857,17
8858,99
8859,97
8860,32
8861,57
8862,61
8863,11
8864,6
8865,16
8866,82
8867,82
8868,94
8869,95
8870,81
8871,9
8872,77
8873,33
8874,67
8875,3
8876,60
8877,70
8878,88
8879,62
8880,62
8881,82
8882,36
8883,49
8884,19
8885,47
8886,75
8887,4
8888,29
8889,94
8890,85
8891,54
8892,67
8893,35
8894,2
8895,93
8896,37
8897,94
8898,65
8899,87
8900,53
8901,87
8902,95
8903,53
8904,50
8905,64
8906,81
8907,69
8908,93
8909,81
8910,84
8911,71
8912,31
8913,33
8914,73
8915,75
8916,81
8917,47
8918,97
8919,54
8920,81
8921,4
8922,98
8923,82
8924,83
8925,53
8926,54
8927,36
8928,25
8929,48
8930,9
8931,22
8932,40
8933,71
8934,97
8935,50
8936,59
8937,47
8938,93
8939,53
8940,4
8941,83
8942,89
8943,71
8944,71
8945,47
8946,98
8947,90
8948,35
8949,97
8950,62
8951,52
8952,46
8953,58
8954,7
8955,96
8956,86
8957,1
8958,13
8959,71
8960,74
8961,14
8962,32
8963,34
8964,4
8965,45
8966,58
8967,97
8968,70
8969,3
8970,81
8971,99
8972,28
8973,6
8974,57
8975,42
8976,62
8977,42
8978,23
8979,47
8980,53
8981,48
8982,7
8983,59
8984,29
8985,82
8986,81
8987,18
8988,81
8989,17
8990,14
8991,69
8992,81
8993,54
8994,39
8995,14
8996,90
8997,97
8998,67
8999,46
9000,28
9001,98
9002,88
9003,20
9004,45
9005,43
9006,71
9007,48
9008,9
9009,99
9010,65
9011,6
9012,39
9013,35
9014,43
9015,37
9016,7
9017,48
9018,98
9019,13
9020,73
9021,46
9022,50
9023,23
9024,21
9025,96
9026,46
9027,1
9028,45
9029,30
9030,81
9031,95
9032,36
9033,23
9034,25
9035,59
9036,93
9037,4
9038,10
9039,89
9040,19
9041,54
9042,4
9043,28
9044,9
9045,91
9046,93
9047,55
9048,25
9049,71
9050,65
9051,44
9052,9
9053,82
9054,4
9055,76
9056,20
9057,71
9058,42
9059,94
9060,64
9061,95
9062,6
9063,25
9064,61
9065,65
9066,3
9067,89
9068,10
9069,60
9070,6
9071,62
9072,71
9073,66
9074,86
9075,67
9076,21
9077,23
9078,33
9079,4
9080,18
9081,58
9082,0
9083,83
9084,23
9085,38
9086,56
9087,20
9088,6
9089,20
9090,73
9091,47
9092,19
9093,88
9094,98
9095,77
9096,79
9097,83
9098,56
9099,47
9100,54
9101,59
9102,73
9103,35
9104,3
9105,3
9106,23
9107,9
9108,71
9109,43
9110,29
9111,63
9112,77
9113,66
9114,73
9115,79
9116,6
9117,69
9118,3
9119,61
9120,50
9121,93
9122,39
9123,93
9124,16
9125,43
9126,33
9127,17
9128,28
9129,45
9130,28
9131,12
9132,92
9133,36
9134,63
9135,23
9136,81
9137,40
9138,77
9139,11
9140,4
9141,46
9142,15
9143,84
9144,19
9145,72
9146,70
9147,62
9148,82
9149,87
9150,73
9151,62
9152,39
9153,99
9154,33
9155,90
9156,16
9157,56
9158,3
9159,24
9160,71
9161,66
9162,29
9163,14
9164,23
9165,68
9166,1
9167,81
9168,61
9169,37
9170,21
9171,0
9172,22
9173,87
9174,82
9175,12
9176,38
9177,28
9178,93
9179,40
9180,84
9181,41
9182,64
9183,76
9184,10
9185,91
9186,94
9187,50
9188,44
9189,75
9190,76
9191,81
9192,6
9193,35
9194,1
9195,50
9196,94
9197,6
9198,9
9199,23
9200,0
9201,4
9202,54
9203,48
9204,95
9205,42
9206,25
9207,54
9208,71
9209,82
9210,68
9211,59
9212,74
9213,36
9214,81
9215,30
9216,71
9217,23
9218,50
9219,60
9220,79
9221,0
9222,69
9223,3
9224,35
9225,63
9226,2
9227,32
9228,70
9229,10
9230,76
9231,43
9232,13
9233,30
9234,27
9235,74
9236,8
9237,85
9238,42
9239,91
9240,35
9241,43
9242,69
9243,44
9244,99
9245,84
9246,23
9247,89
9248,4
9249,10
9250,79
9251,76
9252,13
9253,8
9254,70
9255,69
9256,6
9257,7
9258,73
9259,89
9260,32
9261,42
9262,39
9263,98
9264,36
9265,63
9266,15
9267,11
9268,48
9269,82
9270,86
9271,33
9272,30
9273,83
9274,62
9275,85
9276,48
9277,6
9278,11
9279,25
9280,64
9281,44
9282,75
9283,75
9284,34
9285,38
9286,55
9287,17
9288,37
9289,14
9290,15
9291,50
9292,22
9293,23
9294,0
9295,63
9296,35
9297,62
9298,37
9299,36
9300,99
9301,77
9302,82
9303,10
9304,84
9305,14
9306,71
9307,94
9308,99
9309,32
9310,26
9311,52
9312,54
9313,90
9314,43
9315,82
9316,16
9317,23
9318,50
9319,33
9320,47
9321,35
9322,1
9323,6
9324,72
9325,72
9326,86
9327,85
9328,92
9329,4
9330,55
9331,5
9332,44
9333,2
9334,86
9335,44
9336,59
9337,11
9338,2
9339,46
9340,56
9341,4
9342,47
9343,76
9344,20
9345,48
9346,97
9347,9
9348,25
9349,38
9350,94
9351,3
9352,2
9353,36
9354,84
9355,79
9356,6
9357,9
9358,32
9359,65
9360,24
9361,75
9362,15
9363,29
9364,11
9365,20
9366,95
9367,3
9368,87
9369,99
9370,25
9371,83
9372,74
9373,74
9374,86
9375,28
9376,34
9377,58
9378,35
9379,81
9380,8
9381,57
9382,44
9383,24
9384,10
9385,62
9386,81
9387,36
9388,58
9389,37
9390,1
9391,30
9392,59
9393,21
9394,60
9395,89
9396,82
9397,22
9398,55
9399,52
9400,65
9401,97
9402,32
9403,16
9404,69
9405,28
9406,42
9407,8
9408,11
9409,20
9410,65
9411,96
9412,36
9413,65
9414,65
9415,77
9416,52
9417,26
9418,29
9419,63
9420,79
9421,8
9422,30
9423,99
9424,25
9425,8
9426,89
9427,52
9428,40
9429,81
9430,80
9431,82
9432,4
9433,43
9434,4
9435,98
9436,44
9437,21
9438,32
9439,59
9440,32
9441,74
9442,77
9443,92
9444,22
9445,15
9446,43
9447,13
9448,10
9449,99
9450,74
9451,47
9452,5
9453,50
9454,81
9455,64
9456,95
9457,30
9458,72
9459,66
9460,81
9461,93
9462,46
9463,6
9464,4
9465,22
9466,63
9467,87
9468,93
9469,41
9470,70
9471,57
9472,21
9473,32
9474,90
9475,77
9476,85
9477,61
9478,81
9479,58
9480,87
9481,71
9482,92
9483,27
9484,4
9485,1
9486,8
9487,6
9488,98
9489,61
9490,88
9491,90
9492,28
9493,83
9494,63
9495,91
9496,2
9497,24
9498,67
9499,23
9500,81
9501,28
9502,50
9503,92
9504,81
9505,44
9506,87
9507,79
9508,63
9509,77
9510,47
9511,90
9512,77
9513,59
9514,60
9515,71
9516,39
9517,67
9518,81
9519,35
9520,54
9521,67
9522,15
9523,21
9524,32
9525,26
9526,3
9527,77
9528,93
9529,91
9530,37
9531,31
9532,82
9533,22
9534,16
9535,75
9536,98
9537,14
9538,42
9539,31
9540,73
9541,67
9542,81
9543,63
9544,53
9545,23
9546,81
9547,86
9548,42
9549,71
9550,28
9551,75
9552,46
9553,35
9554,79
9555,16
9556,8
9557,77
9558,22
9559,86
9560,86
9561,44
9562,65
9563,92
9564,49
9565,70
9566,9
9567,7
9568,27
9569,99
9570,91
9571,23
9572,13
9573,99
9574,6
9575,42
9576,46
9577,30
9578,55
9579,11
9580,9
9581,44
9582,28
9583,56
9584,12
9585,21
9586,86
9587,97
9588,53
9589,32
9590,64
9591,3
9592,61
9593,20
9594,22
9595,53
9596,25
9597,23
9598,65
9599,68
9600,20
9601,49
9602,67
9603,86
9604,99
9605,41
9606,74
9607,77
9608,4
9609,54
9610,53
9611,45
9612,36
9613,43
9614,2
9615,26
9616,2
9617,25
9618,24
9619,15
9620,13
9621,56
9622,99
9623,23
9624,34
9625,35
9626,3
9627,50
9628,95
9629,53
9630,91
9631,68
9632,23
9633,92
9634,23
9635,98
9636,72
9637,40
9638,35
9639,92
9640,46
9641,23
9642,78
9643,47
9644,67
9645,50
9646,8
9647,15
9648,4
9649,34
9650,97
9651,60
9652,92
9653,23
9654,8
9655,16
9656,57
9657,94
9658,30
9659,92
9660,43
9661,62
9662,58
9663,19
9664,23
9665,4
9666,16
9667,6
9668,95
9669,2
9670,99
9671,86
9672,53
9673,89
9674,25
9675,52
9676,58
9677,92
9678,85
9679,4
9680,64
9681,82
9682,3
9683,40
9684,43
9685,76
9686,77
9687,47
9688,52
9689,79
9690,53
9691,42
9692,33
9693,92
9694,3
9695,81
9696,76
9697,40
9698,53
9699,74
9700,59
9701,4
9702,81
9703,70
9704,89
9705,44
9706,71
9707,95
9708,66
9709,35
9710,39
9711,82
9712,91
9713,19
9714,91
9715,81
9716,9
9717,73
9718,69
9719,36
9720,13
9721,84
9722,69
9723,35
9724,61
9725,10
9726,69
9727,40
9728,35
9729,81
9730,87
9731,22
9732,25
9733,86
9734,94
9735,24
9736,59
9737,53
9738,33
9739,59
9740,26
9741,95
9742,39
9743,15
9744,35
9745,55
9746,41
9747,66
9748,97
9749,27
9750,45
9751,77
9752,32
9753,81
9754,66
9755,9
9756,80
9757,33
9758,15
9759,35
9760,24
9761,59
9762,32
9763,46
9764,97
9765,23
9766,39
9767,25
9768,97
9769,64
9770,16
9771,52
9772,59
9773,37
9774,70
9775,62
9776,44
9777,30
9778,51
9779,79
9780,70
9781,18
9782,67
9783,64
9784,2
9785,96
9786,71
9787,64
9788,40
9789,35
9790,97
9791,28
9792,14
9793,49
9794,62
9795,0
9796,52
9797,81
9798,56
9799,81
9800,91
9801,81
9802,87
9803,21
9804,64
9805,66
9806,70
9807,89
9808,17
9809,12
9810,4
9811,4
9812,24
9813,79
9814,40
9815,13
9816,35
9817,89
9818,98
9819,76
9820,4
9821,59
9822,49
9823,30
9824,60
9825,88
9826,43
9827,32
9828,87
9829,38
9830,81
9831,53
9832,25
9833,48
9834,50
9835,13
9836,31
9837,2
9838,25
9839,35
9840,61
9841,7
9842,7
9843,11
9844,83
9845,25
9846,44
9847,77
9848,91
9849,0
9850,98
9851,4
9852,57
9853,4
9854,60
9855,81
9856,16
9857,11
9858,34
9859,95
9860,99
9861,77
9862,53
9863,62
9864,2
9865,92
9866,69
9867,69
9868,91
9869,79
9870,93
9871,58
9872,0
9873,20
9874,6
9875,7
9876,82
9877,79
9878,13
9879,23
9880,90
9881,75
9882,85
9883,7
9884,62
9885,44
9886,35
9887,98
9888,53
9889,35
9890,30
9891,28
9892,35
9893,4
9894,24
9895,91
9896,95
9897,1
9898,35
9899,36
9900,52
9901,99
9902,27
9903,37
9904,0
9905,23
9906,4
9907,83
9908,62
9909,63
9910,86
9911,83
9912,72
9913,32
9914,42
9915,64
9916,81
9917,85
9918,90
9919,69
9920,82
9921,46
9922,89
9923,68
9924,68
9925,76
9926,31
9927,58
9928,8
9929,37
9930,81
9931,30
9932,78
9933,43
9934,33
9935,81
9936,44
9937,12
9938,92
9939,48
9940,82
9941,99
9942,37
9943,92
9944,65
9945,33
9946,12
9947,4
9948,97
9949,4
9950,56
9951,59
9952,6
9953,4
9954,95
9955,54
9956,57
9957,6
9958,40
9959,95
9960,6
9961,33
9962,6
9963,86
9964,19
9965,97
9966,4
9967,3
9968,53
9969,81
9970,83
9971,87
9972,10
9973,49
9974,11
9975,39
9976,63
9977,83
9978,3
9979,27
9980,73
9981,47
9982,74
9983,34
9984,66
9985,90
9986,14
9987,14
9988,36
9989,7
9990,66
9991,37
9992,28
9993,30
9994,74
9995,83
9996,21
9997,51
9998,59
9999,83
